time,EUR_USD_close,EUR_USD_volume,GBP_USD_close,GBP_USD_volume,EUR_GBP_close,EUR_GBP_volume
2018-04-13T18:30:00.000000000Z,1.23334,19.0,1.42455,21.0,0.86581,3.0
2018-04-13T18:31:00.000000000Z,1.23336,16.0,1.42450,9.0,0.86581,2.0
2018-04-13T18:32:00.000000000Z,1.23336,14.0,1.42444,14.0,0.86588,6.0
2018-04-13T18:33:00.000000000Z,1.23335,21.0,1.42430,22.0,0.86591,7.0
2018-04-13T18:34:00.000000000Z,1.23335,19.0,1.42430,3.0,0.86592,3.0
2018-04-13T18:35:00.000000000Z,1.23336,14.0,1.42434,31.0,0.86588,6.0
2018-04-13T18:36:00.000000000Z,1.23338,18.0,1.42438,30.0,0.86590,3.0
2018-04-13T18:37:00.000000000Z,1.23328,8.0,1.42418,21.0,0.86592,1.0
2018-04-13T18:38:00.000000000Z,1.23335,16.0,1.42420,26.0,0.86597,4.0
2018-04-13T18:39:00.000000000Z,1.23331,2.0,1.42418,6.0,0.86597,4.0
2018-04-13T18:40:00.000000000Z,1.23333,18.0,1.42416,15.0,0.86595,2.0
2018-04-13T18:41:00.000000000Z,1.23336,2.0,1.42417,19.0,0.86597,3.0
2018-04-13T18:42:00.000000000Z,1.23335,18.0,1.42417,13.0,0.86599,7.0
2018-04-13T18:43:00.000000000Z,1.23328,17.0,1.42410,3.0,0.86599,2.0
2018-04-13T18:44:00.000000000Z,1.23344,13.0,1.42422,14.0,0.86602,5.0
2018-04-13T18:45:00.000000000Z,1.23340,9.0,1.42422,23.0,0.86602,2.0
2018-04-13T18:46:00.000000000Z,1.23340,6.0,1.42425,13.0,0.86599,3.0
2018-04-13T18:47:00.000000000Z,1.23342,17.0,1.42426,25.0,0.86601,7.0
2018-04-13T18:48:00.000000000Z,1.23326,15.0,1.42404,14.0,0.86600,6.0
2018-04-13T18:49:00.000000000Z,1.23314,58.0,1.42358,129.0,0.86619,33.0
2018-04-13T18:50:00.000000000Z,1.23315,31.0,1.42358,27.0,0.86616,7.0
2018-04-13T18:51:00.000000000Z,1.23301,18.0,1.42350,9.0,0.86612,4.0
2018-04-13T18:52:00.000000000Z,1.23314,29.0,1.42359,41.0,0.86621,5.0
2018-04-13T18:53:00.000000000Z,1.23310,33.0,1.42358,33.0,0.86620,4.0
2018-04-13T18:54:00.000000000Z,1.23304,26.0,1.42360,12.0,0.86612,7.0
2018-04-13T18:55:00.000000000Z,1.23316,29.0,1.42368,46.0,0.86614,5.0
2018-04-13T18:56:00.000000000Z,1.23316,13.0,1.42372,30.0,0.86612,5.0
2018-04-13T18:57:00.000000000Z,1.23314,16.0,1.42360,14.0,0.86618,2.0
2018-04-13T18:58:00.000000000Z,1.23306,14.0,1.42358,8.0,0.86615,1.0
2018-04-13T18:59:00.000000000Z,1.23314,46.0,1.42364,31.0,0.86618,5.0
2018-04-13T19:00:00.000000000Z,1.23344,106.0,1.42389,60.0,0.86622,10.0
2018-04-13T19:01:00.000000000Z,1.23361,56.0,1.42386,38.0,0.86636,8.0
2018-04-13T19:02:00.000000000Z,1.23358,56.0,1.42390,66.0,0.86628,13.0
2018-04-13T19:03:00.000000000Z,1.23364,30.0,1.42404,64.0,0.86634,11.0
2018-04-13T19:04:00.000000000Z,1.23352,23.0,1.42376,45.0,0.86636,7.0
2018-04-13T19:05:00.000000000Z,1.23360,59.0,1.42370,58.0,0.86646,6.0
2018-04-13T19:06:00.000000000Z,1.23349,22.0,1.42360,19.0,0.86644,5.0
2018-04-13T19:07:00.000000000Z,1.23364,30.0,1.42374,18.0,0.86646,5.0
2018-04-13T19:08:00.000000000Z,1.23364,26.0,1.42384,31.0,0.86639,7.0
2018-04-13T19:09:00.000000000Z,1.23362,34.0,1.42381,51.0,0.86639,4.0
2018-04-13T19:10:00.000000000Z,1.23364,23.0,1.42387,20.0,0.86639,2.0
2018-04-13T19:11:00.000000000Z,1.23366,31.0,1.42383,31.0,0.86639,6.0
2018-04-13T19:12:00.000000000Z,1.23357,46.0,1.42378,37.0,0.86634,4.0
2018-04-13T19:13:00.000000000Z,1.23353,47.0,1.42380,4.0,0.86634,4.0
2018-04-13T19:14:00.000000000Z,1.23369,21.0,1.42386,13.0,0.86644,4.0
2018-04-13T19:15:00.000000000Z,1.23386,106.0,1.42408,62.0,0.86640,11.0
2018-04-13T19:16:00.000000000Z,1.23393,84.0,1.42414,67.0,0.86646,12.0
2018-04-13T19:17:00.000000000Z,1.23396,39.0,1.42412,35.0,0.86648,5.0
2018-04-13T19:18:00.000000000Z,1.23398,49.0,1.42406,54.0,0.86650,10.0
2018-04-13T19:19:00.000000000Z,1.23406,109.0,1.42415,91.0,0.86656,16.0
2018-04-13T19:20:00.000000000Z,1.23403,66.0,1.42410,77.0,0.86656,6.0
2018-04-13T19:21:00.000000000Z,1.23388,66.0,1.42402,55.0,0.86648,11.0
2018-04-13T19:22:00.000000000Z,1.23370,38.0,1.42391,31.0,0.86640,5.0
2018-04-13T19:23:00.000000000Z,1.23364,52.0,1.42392,29.0,0.86640,6.0
2018-04-13T19:24:00.000000000Z,1.23364,22.0,1.42390,12.0,0.86640,8.0
2018-04-13T19:25:00.000000000Z,1.23362,39.0,1.42383,38.0,0.86644,8.0
2018-04-13T19:26:00.000000000Z,1.23362,25.0,1.42388,30.0,0.86642,11.0
2018-04-13T19:27:00.000000000Z,1.23365,18.0,1.42392,8.0,0.86640,7.0
2018-04-13T19:28:00.000000000Z,1.23356,24.0,1.42383,21.0,0.86639,8.0
2018-04-13T19:29:00.000000000Z,1.23362,22.0,1.42394,21.0,0.86634,2.0
2018-04-13T19:30:00.000000000Z,1.23363,11.0,1.42380,37.0,0.86644,4.0
2018-04-13T19:31:00.000000000Z,1.23362,23.0,1.42383,38.0,0.86642,7.0
2018-04-13T19:32:00.000000000Z,1.23354,24.0,1.42382,20.0,0.86636,3.0
2018-04-13T19:33:00.000000000Z,1.23349,14.0,1.42395,35.0,0.86624,13.0
2018-04-13T19:34:00.000000000Z,1.23350,7.0,1.42394,32.0,0.86626,3.0
2018-04-13T19:35:00.000000000Z,1.23347,24.0,1.42395,8.0,0.86628,3.0
2018-04-13T19:36:00.000000000Z,1.23350,44.0,1.42391,24.0,0.86626,5.0
2018-04-13T19:37:00.000000000Z,1.23351,16.0,1.42391,24.0,0.86626,5.0
2018-04-13T19:38:00.000000000Z,1.23356,5.0,1.42391,24.0,0.86628,1.0
2018-04-13T19:39:00.000000000Z,1.23354,20.0,1.42405,3.0,0.86625,3.0
2018-04-13T19:40:00.000000000Z,1.23361,29.0,1.42414,34.0,0.86620,6.0
2018-04-13T19:41:00.000000000Z,1.23358,37.0,1.42417,30.0,0.86619,4.0
2018-04-13T19:42:00.000000000Z,1.23357,21.0,1.42422,22.0,0.86617,5.0
2018-04-13T19:43:00.000000000Z,1.23357,21.0,1.42422,8.0,0.86615,1.0
2018-04-13T19:44:00.000000000Z,1.23364,7.0,1.42435,9.0,0.86610,4.0
2018-04-13T19:45:00.000000000Z,1.23366,12.0,1.42432,8.0,0.86614,6.0
2018-04-13T19:46:00.000000000Z,1.23362,28.0,1.42432,8.0,0.86610,4.0
2018-04-13T19:47:00.000000000Z,1.23362,8.0,1.42438,25.0,0.86606,3.0
2018-04-13T19:48:00.000000000Z,1.23364,11.0,1.42447,27.0,0.86604,3.0
2018-04-13T19:49:00.000000000Z,1.23367,2.0,1.42446,26.0,0.86604,4.0
2018-04-13T19:50:00.000000000Z,1.23359,14.0,1.42438,9.0,0.86606,3.0
2018-04-13T19:51:00.000000000Z,1.23360,13.0,1.42430,1.0,0.86608,3.0
2018-04-13T19:52:00.000000000Z,1.23352,51.0,1.42420,28.0,0.86609,4.0
2018-04-13T19:53:00.000000000Z,1.23345,54.0,1.42410,43.0,0.86610,6.0
2018-04-13T19:54:00.000000000Z,1.23354,7.0,1.42416,16.0,0.86610,6.0
2018-04-13T19:55:00.000000000Z,1.23358,4.0,1.42425,36.0,0.86610,14.0
2018-04-13T19:56:00.000000000Z,1.23348,9.0,1.42421,14.0,0.86606,5.0
2018-04-13T19:57:00.000000000Z,1.23358,3.0,1.42426,8.0,0.86609,1.0
2018-04-13T19:58:00.000000000Z,1.23352,13.0,1.42438,48.0,0.86598,9.0
2018-04-13T19:59:00.000000000Z,1.23372,25.0,1.42444,36.0,0.86609,14.0
2018-04-13T20:00:00.000000000Z,1.23395,13.0,1.42457,21.0,0.86614,12.0
2018-04-13T20:01:00.000000000Z,1.23390,6.0,1.42459,8.0,0.86614,8.0
2018-04-13T20:02:00.000000000Z,1.23392,1.0,1.42459,8.0,0.86614,8.0
2018-04-13T20:03:00.000000000Z,1.23390,10.0,1.42459,8.0,0.86612,1.0
2018-04-13T20:04:00.000000000Z,1.23392,23.0,1.42459,8.0,0.86614,1.0
2018-04-13T20:05:00.000000000Z,1.23381,13.0,1.42444,2.0,0.86610,4.0
2018-04-13T20:06:00.000000000Z,1.23383,5.0,1.42428,17.0,0.86627,16.0
2018-04-13T20:07:00.000000000Z,1.23381,5.0,1.42428,9.0,0.86625,1.0
2018-04-13T20:09:00.000000000Z,1.23380,1.0,1.42428,3.0,0.86625,1.0
2018-04-13T20:10:00.000000000Z,1.23397,17.0,1.42438,15.0,0.86632,7.0
2018-04-13T20:11:00.000000000Z,1.23397,6.0,1.42438,4.0,0.86634,1.0
2018-04-13T20:12:00.000000000Z,1.23395,21.0,1.42432,9.0,0.86636,4.0
2018-04-13T20:13:00.000000000Z,1.23395,21.0,1.42432,2.0,0.86634,1.0
2018-04-13T20:14:00.000000000Z,1.23402,6.0,1.42430,8.0,0.86640,3.0
2018-04-13T20:15:00.000000000Z,1.23400,9.0,1.42424,10.0,0.86640,2.0
2018-04-13T20:16:00.000000000Z,1.23394,18.0,1.42424,10.0,0.86636,3.0
2018-04-13T20:17:00.000000000Z,1.23394,2.0,1.42418,4.0,0.86642,2.0
2018-04-13T20:18:00.000000000Z,1.23386,17.0,1.42418,4.0,0.86636,3.0
2018-04-13T20:19:00.000000000Z,1.23386,6.0,1.42418,4.0,0.86634,1.0
2018-04-13T20:20:00.000000000Z,1.23386,3.0,1.42418,4.0,0.86634,1.0
2018-04-13T20:21:00.000000000Z,1.23390,8.0,1.42418,4.0,0.86638,2.0
2018-04-13T20:22:00.000000000Z,1.23364,45.0,1.42418,8.0,0.86622,14.0
2018-04-13T20:23:00.000000000Z,1.23366,4.0,1.42417,7.0,0.86622,14.0
2018-04-13T20:24:00.000000000Z,1.23366,4.0,1.42416,1.0,0.86622,14.0
2018-04-13T20:25:00.000000000Z,1.23372,1.0,1.42420,7.0,0.86624,3.0
2018-04-13T20:26:00.000000000Z,1.23372,1.0,1.42418,8.0,0.86624,3.0
2018-04-13T20:27:00.000000000Z,1.23369,7.0,1.42418,8.0,0.86625,2.0
2018-04-13T20:28:00.000000000Z,1.23372,8.0,1.42418,8.0,0.86627,1.0
2018-04-13T20:29:00.000000000Z,1.23374,20.0,1.42407,19.0,0.86630,5.0
2018-04-13T20:30:00.000000000Z,1.23366,54.0,1.42404,47.0,0.86628,12.0
2018-04-13T20:31:00.000000000Z,1.23364,17.0,1.42408,4.0,0.86628,2.0
2018-04-13T20:32:00.000000000Z,1.23367,5.0,1.42408,4.0,0.86630,3.0
2018-04-13T20:33:00.000000000Z,1.23364,5.0,1.42408,4.0,0.86630,3.0
2018-04-13T20:34:00.000000000Z,1.23359,2.0,1.42408,4.0,0.86628,1.0
2018-04-13T20:35:00.000000000Z,1.23356,7.0,1.42395,6.0,0.86625,3.0
2018-04-13T20:36:00.000000000Z,1.23358,13.0,1.42400,25.0,0.86624,4.0
2018-04-13T20:37:00.000000000Z,1.23360,1.0,1.42406,22.0,0.86622,1.0
2018-04-13T20:38:00.000000000Z,1.23360,1.0,1.42406,3.0,0.86622,1.0
2018-04-13T20:39:00.000000000Z,1.23360,1.0,1.42408,3.0,0.86622,1.0
2018-04-13T20:40:00.000000000Z,1.23360,1.0,1.42422,21.0,0.86620,1.0
2018-04-13T20:41:00.000000000Z,1.23363,25.0,1.42416,15.0,0.86616,6.0
2018-04-13T20:42:00.000000000Z,1.23360,6.0,1.42421,23.0,0.86611,2.0
2018-04-13T20:43:00.000000000Z,1.23364,16.0,1.42457,28.0,0.86602,6.0
2018-04-13T20:44:00.000000000Z,1.23362,3.0,1.42460,18.0,0.86597,4.0
2018-04-13T20:45:00.000000000Z,1.23358,50.0,1.42463,49.0,0.86590,5.0
2018-04-13T20:46:00.000000000Z,1.23356,16.0,1.42446,34.0,0.86599,4.0
2018-04-13T20:47:00.000000000Z,1.23342,17.0,1.42444,30.0,0.86592,3.0
2018-04-13T20:48:00.000000000Z,1.23346,6.0,1.42439,14.0,0.86597,2.0
2018-04-13T20:49:00.000000000Z,1.23346,33.0,1.42434,28.0,0.86597,4.0
2018-04-13T20:50:00.000000000Z,1.23341,32.0,1.42414,66.0,0.86598,7.0
2018-04-13T20:51:00.000000000Z,1.23338,49.0,1.42401,224.0,0.86614,39.0
2018-04-13T20:52:00.000000000Z,1.23332,12.0,1.42408,59.0,0.86608,14.0
2018-04-13T20:53:00.000000000Z,1.23329,57.0,1.42402,71.0,0.86607,11.0
2018-04-13T20:54:00.000000000Z,1.23308,84.0,1.42382,164.0,0.86592,21.0
2018-04-13T20:55:00.000000000Z,1.23304,237.0,1.42404,399.0,0.86592,33.0
2018-04-13T20:56:00.000000000Z,1.23315,67.0,1.42384,101.0,0.86596,5.0
2018-04-13T20:57:00.000000000Z,1.23304,51.0,1.42408,94.0,0.86591,5.0
2018-04-13T20:58:00.000000000Z,1.23294,81.0,1.42402,28.0,0.86594,3.0
2018-04-13T20:59:00.000000000Z,1.23306,17.0,1.42371,68.0,0.86611,9.0
2018-04-15T21:00:00.000000000Z,1.23318,2.0,1.42498,2.0,0.86585,1.0
2018-04-15T21:01:00.000000000Z,1.23312,1.0,1.42467,2.0,0.86574,3.0
2018-04-15T21:02:00.000000000Z,1.23308,8.0,1.42457,4.0,0.86574,4.0
2018-04-15T21:03:00.000000000Z,1.23284,26.0,1.42306,36.0,0.86618,15.0
2018-04-15T21:04:00.000000000Z,1.23264,34.0,1.42344,4.0,0.86600,2.0
2018-04-15T21:05:00.000000000Z,1.23258,32.0,1.42345,8.0,0.86606,5.0
2018-04-15T21:06:00.000000000Z,1.23268,9.0,1.42342,6.0,0.86620,3.0
2018-04-15T21:07:00.000000000Z,1.23261,34.0,1.42310,3.0,0.86610,2.0
2018-04-15T21:08:00.000000000Z,1.23276,20.0,1.42312,1.0,0.86614,1.0
2018-04-15T21:09:00.000000000Z,1.23256,15.0,1.42312,1.0,0.86610,1.0
2018-04-15T21:10:00.000000000Z,1.23264,10.0,1.42310,2.0,0.86614,1.0
2018-04-15T21:11:00.000000000Z,1.23258,19.0,1.42310,4.0,0.86610,1.0
2018-04-15T21:12:00.000000000Z,1.23266,87.0,1.42310,5.0,0.86611,10.0
2018-04-15T21:13:00.000000000Z,1.23260,9.0,1.42305,5.0,0.86611,10.0
2018-04-15T21:14:00.000000000Z,1.23282,8.0,1.42440,13.0,0.86583,6.0
2018-04-15T21:15:00.000000000Z,1.23284,3.0,1.42423,38.0,0.86566,11.0
2018-04-15T21:16:00.000000000Z,1.23350,41.0,1.42434,15.0,0.86578,3.0
2018-04-15T21:17:00.000000000Z,1.23369,19.0,1.42423,40.0,0.86603,16.0
2018-04-15T21:18:00.000000000Z,1.23300,73.0,1.42409,20.0,0.86574,8.0
2018-04-15T21:19:00.000000000Z,1.23322,47.0,1.42446,6.0,0.86582,2.0
2018-04-15T21:20:00.000000000Z,1.23327,16.0,1.42446,2.0,0.86591,2.0
2018-04-15T21:21:00.000000000Z,1.23327,16.0,1.42446,1.0,0.86587,1.0
2018-04-15T21:22:00.000000000Z,1.23327,16.0,1.42446,1.0,0.86582,1.0
2018-04-15T21:23:00.000000000Z,1.23320,1.0,1.42446,1.0,0.86582,1.0
2018-04-15T21:24:00.000000000Z,1.23320,1.0,1.42444,1.0,0.86587,1.0
2018-04-15T21:25:00.000000000Z,1.23320,1.0,1.42414,25.0,0.86578,6.0
2018-04-15T21:26:00.000000000Z,1.23320,1.0,1.42460,5.0,0.86584,3.0
2018-04-15T21:27:00.000000000Z,1.23320,1.0,1.42460,5.0,0.86582,2.0
2018-04-15T21:28:00.000000000Z,1.23320,1.0,1.42460,5.0,0.86570,3.0
2018-04-15T21:29:00.000000000Z,1.23320,1.0,1.42462,70.0,0.86560,6.0
2018-04-15T21:30:00.000000000Z,1.23320,1.0,1.42412,48.0,0.86561,6.0
2018-04-15T21:31:00.000000000Z,1.23320,1.0,1.42516,138.0,0.86550,4.0
2018-04-15T21:32:00.000000000Z,1.23320,1.0,1.42463,58.0,0.86550,4.0
2018-04-15T21:33:00.000000000Z,1.23320,1.0,1.42490,17.0,0.86550,4.0
2018-04-15T21:34:00.000000000Z,1.23342,16.0,1.42438,33.0,0.86570,4.0
2018-04-15T21:35:00.000000000Z,1.23346,19.0,1.42467,95.0,0.86570,6.0
2018-04-15T21:36:00.000000000Z,1.23356,3.0,1.42456,50.0,0.86592,7.0
2018-04-15T21:37:00.000000000Z,1.23344,36.0,1.42418,17.0,0.86596,1.0
2018-04-15T21:38:00.000000000Z,1.23322,69.0,1.42414,34.0,0.86580,8.0
2018-04-15T21:39:00.000000000Z,1.23322,11.0,1.42414,53.0,0.86580,8.0
2018-04-15T21:40:00.000000000Z,1.23322,11.0,1.42453,148.0,0.86584,1.0
2018-04-15T21:41:00.000000000Z,1.23322,11.0,1.42454,10.0,0.86584,1.0
2018-04-15T21:42:00.000000000Z,1.23348,25.0,1.42456,4.0,0.86595,6.0
2018-04-15T21:43:00.000000000Z,1.23331,4.0,1.42412,6.0,0.86587,2.0
2018-04-15T21:44:00.000000000Z,1.23331,4.0,1.42411,5.0,0.86587,2.0
2018-04-15T21:45:00.000000000Z,1.23331,4.0,1.42412,4.0,0.86587,2.0
2018-04-15T21:46:00.000000000Z,1.23335,1.0,1.42410,23.0,0.86596,2.0
2018-04-15T21:47:00.000000000Z,1.23369,16.0,1.42410,23.0,0.86604,2.0
2018-04-15T21:48:00.000000000Z,1.23357,20.0,1.42408,2.0,0.86599,3.0
2018-04-15T21:49:00.000000000Z,1.23341,4.0,1.42410,2.0,0.86603,1.0
2018-04-15T21:50:00.000000000Z,1.23340,1.0,1.42407,4.0,0.86603,1.0
2018-04-15T21:51:00.000000000Z,1.23342,52.0,1.42407,5.0,0.86594,6.0
2018-04-15T21:52:00.000000000Z,1.23322,21.0,1.42407,5.0,0.86594,2.0
2018-04-15T21:53:00.000000000Z,1.23334,3.0,1.42408,3.0,0.86594,2.0
2018-04-15T21:54:00.000000000Z,1.23334,3.0,1.42408,6.0,0.86594,2.0
2018-04-15T21:55:00.000000000Z,1.23334,3.0,1.42405,15.0,0.86594,2.0
2018-04-15T21:56:00.000000000Z,1.23334,3.0,1.42404,5.0,0.86594,2.0
2018-04-15T21:57:00.000000000Z,1.23328,4.0,1.42402,10.0,0.86594,2.0
2018-04-15T21:58:00.000000000Z,1.23344,5.0,1.42438,34.0,0.86594,2.0
2018-04-15T21:59:00.000000000Z,1.23298,40.0,1.42392,51.0,0.86574,11.0
2018-04-15T22:00:00.000000000Z,1.23347,154.0,1.42439,200.0,0.86596,15.0
2018-04-15T22:01:00.000000000Z,1.23329,105.0,1.42399,424.0,0.86600,13.0
2018-04-15T22:02:00.000000000Z,1.23343,55.0,1.42428,517.0,0.86604,7.0
2018-04-15T22:03:00.000000000Z,1.23336,66.0,1.42426,1079.0,0.86608,7.0
2018-04-15T22:04:00.000000000Z,1.23318,80.0,1.42386,204.0,0.86602,12.0
2018-04-15T22:05:00.000000000Z,1.23312,89.0,1.42410,205.0,0.86598,9.0
2018-04-15T22:06:00.000000000Z,1.23318,67.0,1.42392,340.0,0.86598,2.0
2018-04-15T22:07:00.000000000Z,1.23318,63.0,1.42390,75.0,0.86602,7.0
2018-04-15T22:08:00.000000000Z,1.23315,15.0,1.42388,61.0,0.86598,5.0
2018-04-15T22:09:00.000000000Z,1.23320,88.0,1.42386,48.0,0.86600,3.0
2018-04-15T22:10:00.000000000Z,1.23306,21.0,1.42382,19.0,0.86600,3.0
2018-04-15T22:11:00.000000000Z,1.23304,8.0,1.42386,111.0,0.86604,15.0
2018-04-15T22:12:00.000000000Z,1.23296,25.0,1.42395,40.0,0.86592,8.0
2018-04-15T22:13:00.000000000Z,1.23272,64.0,1.42370,36.0,0.86590,11.0
2018-04-15T22:14:00.000000000Z,1.23290,29.0,1.42382,50.0,0.86594,7.0
2018-04-15T22:15:00.000000000Z,1.23276,28.0,1.42346,76.0,0.86596,3.0
2018-04-15T22:16:00.000000000Z,1.23276,6.0,1.42352,33.0,0.86594,3.0
2018-04-15T22:17:00.000000000Z,1.23276,6.0,1.42356,12.0,0.86594,3.0
2018-04-15T22:18:00.000000000Z,1.23280,16.0,1.42352,18.0,0.86594,2.0
2018-04-15T22:19:00.000000000Z,1.23274,5.0,1.42358,33.0,0.86590,3.0
2018-04-15T22:20:00.000000000Z,1.23268,2.0,1.42361,24.0,0.86584,4.0
2018-04-15T22:21:00.000000000Z,1.23266,1.0,1.42348,25.0,0.86588,3.0
2018-04-15T22:22:00.000000000Z,1.23268,3.0,1.42354,17.0,0.86586,3.0
2018-04-15T22:23:00.000000000Z,1.23262,27.0,1.42354,4.0,0.86586,8.0
2018-04-15T22:24:00.000000000Z,1.23268,34.0,1.42354,7.0,0.86586,6.0
2018-04-15T22:25:00.000000000Z,1.23270,16.0,1.42358,18.0,0.86587,2.0
2018-04-15T22:26:00.000000000Z,1.23266,5.0,1.42352,8.0,0.86589,1.0
2018-04-15T22:27:00.000000000Z,1.23266,5.0,1.42353,3.0,0.86589,1.0
2018-04-15T22:28:00.000000000Z,1.23277,16.0,1.42364,31.0,0.86590,8.0
2018-04-15T22:29:00.000000000Z,1.23279,8.0,1.42365,5.0,0.86594,4.0
2018-04-15T22:30:00.000000000Z,1.23266,7.0,1.42369,13.0,0.86590,2.0
2018-04-15T22:31:00.000000000Z,1.23274,3.0,1.42370,4.0,0.86590,2.0
2018-04-15T22:32:00.000000000Z,1.23274,3.0,1.42360,35.0,0.86587,1.0
2018-04-15T22:33:00.000000000Z,1.23268,11.0,1.42369,11.0,0.86582,4.0
2018-04-15T22:34:00.000000000Z,1.23271,1.0,1.42370,42.0,0.86582,2.0
2018-04-15T22:35:00.000000000Z,1.23270,5.0,1.42372,19.0,0.86579,1.0
2018-04-15T22:36:00.000000000Z,1.23266,2.0,1.42372,14.0,0.86579,2.0
2018-04-15T22:37:00.000000000Z,1.23266,2.0,1.42373,4.0,0.86579,2.0
2018-04-15T22:38:00.000000000Z,1.23287,10.0,1.42368,30.0,0.86592,5.0
2018-04-15T22:39:00.000000000Z,1.23287,10.0,1.42368,10.0,0.86594,1.0
2018-04-15T22:40:00.000000000Z,1.23282,1.0,1.42363,12.0,0.86594,1.0
2018-04-15T22:41:00.000000000Z,1.23277,7.0,1.42362,35.0,0.86590,2.0
2018-04-15T22:42:00.000000000Z,1.23277,7.0,1.42362,12.0,0.86590,2.0
2018-04-15T22:43:00.000000000Z,1.23272,18.0,1.42362,52.0,0.86587,9.0
2018-04-15T22:44:00.000000000Z,1.23272,18.0,1.42361,10.0,0.86587,9.0
2018-04-15T22:45:00.000000000Z,1.23275,16.0,1.42363,102.0,0.86590,9.0
2018-04-15T22:46:00.000000000Z,1.23276,5.0,1.42369,4.0,0.86592,1.0
2018-04-15T22:47:00.000000000Z,1.23279,6.0,1.42369,4.0,0.86592,1.0
2018-04-15T22:48:00.000000000Z,1.23278,1.0,1.42356,19.0,0.86599,5.0
2018-04-15T22:49:00.000000000Z,1.23280,2.0,1.42360,8.0,0.86597,3.0
2018-04-15T22:50:00.000000000Z,1.23280,2.0,1.42366,47.0,0.86594,1.0
2018-04-15T22:51:00.000000000Z,1.23288,8.0,1.42366,44.0,0.86599,4.0
2018-04-15T22:52:00.000000000Z,1.23292,3.0,1.42365,9.0,0.86599,4.0
2018-04-15T22:53:00.000000000Z,1.23292,3.0,1.42367,6.0,0.86599,4.0
2018-04-15T22:54:00.000000000Z,1.23282,3.0,1.42365,10.0,0.86594,2.0
2018-04-15T22:55:00.000000000Z,1.23286,2.0,1.42368,17.0,0.86594,2.0
2018-04-15T22:56:00.000000000Z,1.23286,2.0,1.42371,15.0,0.86594,2.0
2018-04-15T22:57:00.000000000Z,1.23286,2.0,1.42370,5.0,0.86594,2.0
2018-04-15T22:58:00.000000000Z,1.23286,2.0,1.42371,13.0,0.86594,2.0
2018-04-15T22:59:00.000000000Z,1.23286,2.0,1.42378,23.0,0.86590,2.0
2018-04-15T23:00:00.000000000Z,1.23297,2.0,1.42385,50.0,0.86592,9.0
2018-04-15T23:01:00.000000000Z,1.23294,15.0,1.42374,13.0,0.86596,4.0
2018-04-15T23:02:00.000000000Z,1.23296,8.0,1.42391,26.0,0.86594,3.0
2018-04-15T23:03:00.000000000Z,1.23288,4.0,1.42386,24.0,0.86590,4.0
2018-04-15T23:04:00.000000000Z,1.23288,4.0,1.42386,5.0,0.86590,2.0
2018-04-15T23:05:00.000000000Z,1.23284,6.0,1.42376,39.0,0.86588,5.0
2018-04-15T23:06:00.000000000Z,1.23294,17.0,1.42376,14.0,0.86594,5.0
2018-04-15T23:07:00.000000000Z,1.23293,3.0,1.42376,22.0,0.86594,2.0
2018-04-15T23:08:00.000000000Z,1.23293,3.0,1.42401,28.0,0.86584,4.0
2018-04-15T23:09:00.000000000Z,1.23295,5.0,1.42384,15.0,0.86588,2.0
2018-04-15T23:10:00.000000000Z,1.23288,8.0,1.42384,3.0,0.86586,1.0
2018-04-15T23:11:00.000000000Z,1.23287,2.0,1.42384,3.0,0.86584,1.0
2018-04-15T23:12:00.000000000Z,1.23287,2.0,1.42385,4.0,0.86586,1.0
2018-04-15T23:13:00.000000000Z,1.23290,5.0,1.42384,6.0,0.86590,2.0
2018-04-15T23:14:00.000000000Z,1.23286,12.0,1.42385,7.0,0.86586,2.0
2018-04-15T23:15:00.000000000Z,1.23290,4.0,1.42406,14.0,0.86584,1.0
2018-04-15T23:16:00.000000000Z,1.23294,4.0,1.42404,6.0,0.86584,1.0
2018-04-15T23:17:00.000000000Z,1.23300,3.0,1.42403,7.0,0.86586,1.0
2018-04-15T23:18:00.000000000Z,1.23304,14.0,1.42404,10.0,0.86590,2.0
2018-04-15T23:19:00.000000000Z,1.23307,5.0,1.42413,4.0,0.86586,2.0
2018-04-15T23:20:00.000000000Z,1.23306,8.0,1.42414,2.0,0.86588,1.0
2018-04-15T23:21:00.000000000Z,1.23312,5.0,1.42414,3.0,0.86590,1.0
2018-04-15T23:22:00.000000000Z,1.23306,12.0,1.42421,13.0,0.86582,3.0
2018-04-15T23:23:00.000000000Z,1.23306,3.0,1.42423,7.0,0.86582,2.0
2018-04-15T23:24:00.000000000Z,1.23308,34.0,1.42416,10.0,0.86585,3.0
2018-04-15T23:25:00.000000000Z,1.23310,8.0,1.42422,19.0,0.86585,3.0
2018-04-15T23:26:00.000000000Z,1.23310,35.0,1.42422,15.0,0.86585,4.0
2018-04-15T23:27:00.000000000Z,1.23310,16.0,1.42423,14.0,0.86582,3.0
2018-04-15T23:28:00.000000000Z,1.23310,16.0,1.42424,234.0,0.86582,3.0
2018-04-15T23:29:00.000000000Z,1.23310,16.0,1.42415,137.0,0.86588,4.0
2018-04-15T23:30:00.000000000Z,1.23305,8.0,1.42407,14.0,0.86586,3.0
2018-04-15T23:31:00.000000000Z,1.23301,20.0,1.42407,14.0,0.86584,1.0
2018-04-15T23:32:00.000000000Z,1.23303,1.0,1.42407,14.0,0.86584,1.0
2018-04-15T23:34:00.000000000Z,1.23312,11.0,1.42412,8.0,0.86591,5.0
2018-04-15T23:35:00.000000000Z,1.23316,5.0,1.42412,20.0,0.86591,2.0
2018-04-15T23:36:00.000000000Z,1.23331,55.0,1.42433,60.0,0.86588,14.0
2018-04-15T23:37:00.000000000Z,1.23334,8.0,1.42440,6.0,0.86588,2.0
2018-04-15T23:38:00.000000000Z,1.23336,1.0,1.42441,9.0,0.86588,2.0
2018-04-15T23:39:00.000000000Z,1.23328,4.0,1.42440,13.0,0.86586,3.0
2018-04-15T23:40:00.000000000Z,1.23314,13.0,1.42431,15.0,0.86583,5.0
2018-04-15T23:41:00.000000000Z,1.23314,1.0,1.42432,1.0,0.86583,5.0
2018-04-15T23:42:00.000000000Z,1.23311,5.0,1.42430,1.0,0.86581,1.0
2018-04-15T23:43:00.000000000Z,1.23316,7.0,1.42444,34.0,0.86574,9.0
2018-04-15T23:44:00.000000000Z,1.23316,7.0,1.42442,7.0,0.86574,9.0
2018-04-15T23:45:00.000000000Z,1.23316,7.0,1.42440,15.0,0.86578,2.0
2018-04-15T23:46:00.000000000Z,1.23316,7.0,1.42442,10.0,0.86576,1.0
2018-04-15T23:47:00.000000000Z,1.23316,7.0,1.42442,4.0,0.86576,1.0
2018-04-15T23:48:00.000000000Z,1.23316,7.0,1.42443,1.0,0.86576,1.0
2018-04-15T23:49:00.000000000Z,1.23316,7.0,1.42442,12.0,0.86576,1.0
2018-04-15T23:51:00.000000000Z,1.23316,7.0,1.42446,10.0,0.86574,1.0
2018-04-15T23:52:00.000000000Z,1.23320,3.0,1.42444,8.0,0.86578,2.0
2018-04-15T23:53:00.000000000Z,1.23316,7.0,1.42445,1.0,0.86573,2.0
2018-04-15T23:54:00.000000000Z,1.23317,8.0,1.42445,1.0,0.86571,1.0
2018-04-15T23:55:00.000000000Z,1.23320,7.0,1.42454,2.0,0.86571,1.0
2018-04-15T23:56:00.000000000Z,1.23316,9.0,1.42456,10.0,0.86568,7.0
2018-04-15T23:57:00.000000000Z,1.23316,9.0,1.42457,6.0,0.86564,2.0
2018-04-15T23:58:00.000000000Z,1.23322,2.0,1.42465,1.0,0.86562,3.0
2018-04-15T23:59:00.000000000Z,1.23314,16.0,1.42465,1.0,0.86562,2.0
2018-04-16T00:00:00.000000000Z,1.23327,19.0,1.42468,19.0,0.86569,11.0
2018-04-16T00:01:00.000000000Z,1.23326,23.0,1.42464,7.0,0.86571,1.0
2018-04-16T00:02:00.000000000Z,1.23323,2.0,1.42464,13.0,0.86568,3.0
2018-04-16T00:03:00.000000000Z,1.23323,19.0,1.42462,10.0,0.86570,5.0
2018-04-16T00:04:00.000000000Z,1.23326,12.0,1.42470,7.0,0.86562,3.0
2018-04-16T00:05:00.000000000Z,1.23325,13.0,1.42464,26.0,0.86561,5.0
2018-04-16T00:06:00.000000000Z,1.23333,5.0,1.42464,26.0,0.86568,5.0
2018-04-16T00:07:00.000000000Z,1.23330,39.0,1.42456,5.0,0.86574,2.0
2018-04-16T00:08:00.000000000Z,1.23335,11.0,1.42455,19.0,0.86574,4.0
2018-04-16T00:09:00.000000000Z,1.23334,27.0,1.42464,25.0,0.86578,2.0
2018-04-16T00:10:00.000000000Z,1.23344,57.0,1.42473,23.0,0.86578,8.0
2018-04-16T00:11:00.000000000Z,1.23344,30.0,1.42482,9.0,0.86571,3.0
2018-04-16T00:12:00.000000000Z,1.23351,10.0,1.42481,30.0,0.86574,3.0
2018-04-16T00:13:00.000000000Z,1.23352,10.0,1.42488,1.0,0.86571,1.0
2018-04-16T00:14:00.000000000Z,1.23352,23.0,1.42483,28.0,0.86573,3.0
2018-04-16T00:15:00.000000000Z,1.23354,44.0,1.42494,16.0,0.86571,5.0
2018-04-16T00:16:00.000000000Z,1.23344,3.0,1.42483,15.0,0.86571,4.0
2018-04-16T00:17:00.000000000Z,1.23340,13.0,1.42482,6.0,0.86569,3.0
2018-04-16T00:18:00.000000000Z,1.23330,36.0,1.42472,32.0,0.86568,4.0
2018-04-16T00:19:00.000000000Z,1.23338,24.0,1.42472,3.0,0.86573,2.0
2018-04-16T00:20:00.000000000Z,1.23338,16.0,1.42472,7.0,0.86571,1.0
2018-04-16T00:21:00.000000000Z,1.23337,31.0,1.42470,2.0,0.86571,1.0
2018-04-16T00:22:00.000000000Z,1.23344,9.0,1.42471,4.0,0.86576,2.0
2018-04-16T00:23:00.000000000Z,1.23350,19.0,1.42472,10.0,0.86580,2.0
2018-04-16T00:24:00.000000000Z,1.23356,14.0,1.42472,9.0,0.86582,1.0
2018-04-16T00:25:00.000000000Z,1.23354,20.0,1.42474,20.0,0.86585,3.0
2018-04-16T00:26:00.000000000Z,1.23359,28.0,1.42480,27.0,0.86583,3.0
2018-04-16T00:27:00.000000000Z,1.23358,10.0,1.42480,15.0,0.86581,1.0
2018-04-16T00:28:00.000000000Z,1.23358,5.0,1.42482,3.0,0.86581,1.0
2018-04-16T00:29:00.000000000Z,1.23354,19.0,1.42484,41.0,0.86576,2.0
2018-04-16T00:30:00.000000000Z,1.23354,13.0,1.42484,41.0,0.86576,2.0
2018-04-16T00:31:00.000000000Z,1.23356,6.0,1.42484,41.0,0.86576,2.0
2018-04-16T00:32:00.000000000Z,1.23362,24.0,1.42484,11.0,0.86582,4.0
2018-04-16T00:33:00.000000000Z,1.23361,20.0,1.42483,7.0,0.86582,2.0
2018-04-16T00:34:00.000000000Z,1.23361,20.0,1.42482,12.0,0.86582,2.0
2018-04-16T00:35:00.000000000Z,1.23359,8.0,1.42482,5.0,0.86582,2.0
2018-04-16T00:36:00.000000000Z,1.23355,2.0,1.42483,4.0,0.86580,3.0
2018-04-16T00:37:00.000000000Z,1.23364,24.0,1.42486,11.0,0.86580,2.0
2018-04-16T00:38:00.000000000Z,1.23366,5.0,1.42486,11.0,0.86580,2.0
2018-04-16T00:39:00.000000000Z,1.23372,21.0,1.42493,11.0,0.86582,1.0
2018-04-16T00:40:00.000000000Z,1.23373,9.0,1.42502,3.0,0.86580,1.0
2018-04-16T00:41:00.000000000Z,1.23370,15.0,1.42500,6.0,0.86576,4.0
2018-04-16T00:42:00.000000000Z,1.23378,30.0,1.42508,1.0,0.86575,8.0
2018-04-16T00:43:00.000000000Z,1.23374,23.0,1.42508,1.0,0.86575,2.0
2018-04-16T00:44:00.000000000Z,1.23384,43.0,1.42522,4.0,0.86575,2.0
2018-04-16T00:45:00.000000000Z,1.23378,50.0,1.42524,57.0,0.86568,9.0
2018-04-16T00:46:00.000000000Z,1.23366,36.0,1.42523,26.0,0.86561,5.0
2018-04-16T00:47:00.000000000Z,1.23364,13.0,1.42530,12.0,0.86556,2.0
2018-04-16T00:48:00.000000000Z,1.23368,8.0,1.42540,18.0,0.86552,4.0
2018-04-16T00:49:00.000000000Z,1.23355,24.0,1.42531,31.0,0.86552,4.0
2018-04-16T00:50:00.000000000Z,1.23364,12.0,1.42530,6.0,0.86556,2.0
2018-04-16T00:51:00.000000000Z,1.23366,58.0,1.42540,39.0,0.86551,6.0
2018-04-16T00:52:00.000000000Z,1.23366,9.0,1.42546,11.0,0.86544,3.0
2018-04-16T00:53:00.000000000Z,1.23355,32.0,1.42542,42.0,0.86542,5.0
2018-04-16T00:54:00.000000000Z,1.23349,106.0,1.42556,145.0,0.86528,37.0
2018-04-16T00:55:00.000000000Z,1.23378,94.0,1.42602,110.0,0.86522,37.0
2018-04-16T00:56:00.000000000Z,1.23400,45.0,1.42624,67.0,0.86520,25.0
2018-04-16T00:57:00.000000000Z,1.23378,43.0,1.42606,9.0,0.86520,8.0
2018-04-16T00:58:00.000000000Z,1.23378,46.0,1.42606,9.0,0.86520,4.0
2018-04-16T00:59:00.000000000Z,1.23389,46.0,1.42614,8.0,0.86520,6.0
2018-04-16T01:00:00.000000000Z,1.23390,39.0,1.42610,16.0,0.86518,7.0
2018-04-16T01:01:00.000000000Z,1.23381,9.0,1.42612,3.0,0.86516,1.0
2018-04-16T01:02:00.000000000Z,1.23378,24.0,1.42604,9.0,0.86518,3.0
2018-04-16T01:03:00.000000000Z,1.23390,31.0,1.42610,46.0,0.86518,10.0
2018-04-16T01:04:00.000000000Z,1.23394,31.0,1.42620,21.0,0.86518,2.0
2018-04-16T01:05:00.000000000Z,1.23394,19.0,1.42621,16.0,0.86520,1.0
2018-04-16T01:06:00.000000000Z,1.23391,10.0,1.42618,18.0,0.86520,1.0
2018-04-16T01:07:00.000000000Z,1.23392,5.0,1.42618,18.0,0.86516,2.0
2018-04-16T01:08:00.000000000Z,1.23390,16.0,1.42619,9.0,0.86516,4.0
2018-04-16T01:09:00.000000000Z,1.23390,7.0,1.42610,20.0,0.86521,2.0
2018-04-16T01:10:00.000000000Z,1.23387,8.0,1.42610,22.0,0.86522,2.0
2018-04-16T01:11:00.000000000Z,1.23392,6.0,1.42613,8.0,0.86524,3.0
2018-04-16T01:12:00.000000000Z,1.23386,1.0,1.42612,8.0,0.86526,1.0
2018-04-16T01:13:00.000000000Z,1.23383,15.0,1.42612,8.0,0.86520,4.0
2018-04-16T01:14:00.000000000Z,1.23386,27.0,1.42613,10.0,0.86521,4.0
2018-04-16T01:15:00.000000000Z,1.23404,27.0,1.42614,11.0,0.86534,7.0
2018-04-16T01:16:00.000000000Z,1.23391,8.0,1.42608,27.0,0.86527,5.0
2018-04-16T01:17:00.000000000Z,1.23383,11.0,1.42592,56.0,0.86532,2.0
2018-04-16T01:18:00.000000000Z,1.23383,11.0,1.42596,9.0,0.86532,2.0
2018-04-16T01:19:00.000000000Z,1.23373,24.0,1.42596,42.0,0.86524,6.0
2018-04-16T01:20:00.000000000Z,1.23387,34.0,1.42594,12.0,0.86531,5.0
2018-04-16T01:21:00.000000000Z,1.23380,5.0,1.42592,14.0,0.86531,5.0
2018-04-16T01:22:00.000000000Z,1.23382,19.0,1.42598,1.0,0.86531,5.0
2018-04-16T01:23:00.000000000Z,1.23386,6.0,1.42596,11.0,0.86531,2.0
2018-04-16T01:24:00.000000000Z,1.23388,22.0,1.42594,33.0,0.86534,4.0
2018-04-16T01:25:00.000000000Z,1.23398,33.0,1.42601,34.0,0.86538,7.0
2018-04-16T01:26:00.000000000Z,1.23398,33.0,1.42588,20.0,0.86544,3.0
2018-04-16T01:27:00.000000000Z,1.23398,33.0,1.42588,2.0,0.86544,3.0
2018-04-16T01:28:00.000000000Z,1.23404,13.0,1.42584,6.0,0.86544,2.0
2018-04-16T01:29:00.000000000Z,1.23405,10.0,1.42606,17.0,0.86534,6.0
2018-04-16T01:30:00.000000000Z,1.23404,14.0,1.42600,33.0,0.86542,3.0
2018-04-16T01:31:00.000000000Z,1.23420,28.0,1.42606,33.0,0.86548,3.0
2018-04-16T01:32:00.000000000Z,1.23416,16.0,1.42598,31.0,0.86549,2.0
2018-04-16T01:33:00.000000000Z,1.23410,3.0,1.42596,12.0,0.86547,3.0
2018-04-16T01:34:00.000000000Z,1.23406,12.0,1.42590,28.0,0.86547,3.0
2018-04-16T01:35:00.000000000Z,1.23419,12.0,1.42596,18.0,0.86552,4.0
2018-04-16T01:36:00.000000000Z,1.23410,35.0,1.42586,15.0,0.86552,6.0
2018-04-16T01:37:00.000000000Z,1.23382,43.0,1.42574,27.0,0.86544,5.0
2018-04-16T01:38:00.000000000Z,1.23390,23.0,1.42574,27.0,0.86542,5.0
2018-04-16T01:39:00.000000000Z,1.23387,41.0,1.42576,16.0,0.86542,6.0
2018-04-16T01:40:00.000000000Z,1.23376,38.0,1.42553,24.0,0.86546,6.0
2018-04-16T01:41:00.000000000Z,1.23373,31.0,1.42559,24.0,0.86538,4.0
2018-04-16T01:42:00.000000000Z,1.23372,24.0,1.42560,21.0,0.86535,1.0
2018-04-16T01:43:00.000000000Z,1.23370,11.0,1.42560,3.0,0.86538,1.0
2018-04-16T01:44:00.000000000Z,1.23370,11.0,1.42560,3.0,0.86536,1.0
2018-04-16T01:45:00.000000000Z,1.23356,21.0,1.42546,29.0,0.86534,9.0
2018-04-16T01:46:00.000000000Z,1.23352,24.0,1.42550,30.0,0.86536,1.0
2018-04-16T01:47:00.000000000Z,1.23372,32.0,1.42560,33.0,0.86544,7.0
2018-04-16T01:48:00.000000000Z,1.23380,4.0,1.42564,6.0,0.86546,1.0
2018-04-16T01:49:00.000000000Z,1.23358,21.0,1.42552,33.0,0.86537,4.0
2018-04-16T01:50:00.000000000Z,1.23360,13.0,1.42551,16.0,0.86536,2.0
2018-04-16T01:51:00.000000000Z,1.23348,31.0,1.42553,21.0,0.86531,4.0
2018-04-16T01:52:00.000000000Z,1.23344,23.0,1.42550,37.0,0.86528,5.0
2018-04-16T01:53:00.000000000Z,1.23344,23.0,1.42549,18.0,0.86528,5.0
2018-04-16T01:54:00.000000000Z,1.23348,2.0,1.42553,9.0,0.86531,3.0
2018-04-16T01:55:00.000000000Z,1.23358,19.0,1.42555,11.0,0.86538,3.0
2018-04-16T01:56:00.000000000Z,1.23362,13.0,1.42554,18.0,0.86540,1.0
2018-04-16T01:57:00.000000000Z,1.23355,24.0,1.42550,30.0,0.86541,3.0
2018-04-16T01:58:00.000000000Z,1.23370,16.0,1.42549,17.0,0.86544,1.0
2018-04-16T01:59:00.000000000Z,1.23364,1.0,1.42542,3.0,0.86546,1.0
2018-04-16T02:00:00.000000000Z,1.23360,21.0,1.42542,3.0,0.86543,3.0
2018-04-16T02:01:00.000000000Z,1.23346,28.0,1.42534,2.0,0.86542,2.0
2018-04-16T02:02:00.000000000Z,1.23354,9.0,1.42536,3.0,0.86540,3.0
2018-04-16T02:03:00.000000000Z,1.23348,2.0,1.42534,3.0,0.86540,2.0
2018-04-16T02:04:00.000000000Z,1.23344,6.0,1.42516,25.0,0.86544,6.0
2018-04-16T02:05:00.000000000Z,1.23343,2.0,1.42515,6.0,0.86544,6.0
2018-04-16T02:06:00.000000000Z,1.23348,14.0,1.42509,17.0,0.86556,7.0
2018-04-16T02:07:00.000000000Z,1.23350,10.0,1.42508,12.0,0.86554,1.0
2018-04-16T02:08:00.000000000Z,1.23342,7.0,1.42508,5.0,0.86548,4.0
2018-04-16T02:09:00.000000000Z,1.23345,3.0,1.42509,24.0,0.86550,5.0
2018-04-16T02:10:00.000000000Z,1.23346,8.0,1.42512,16.0,0.86550,5.0
2018-04-16T02:11:00.000000000Z,1.23352,15.0,1.42520,17.0,0.86548,5.0
2018-04-16T02:12:00.000000000Z,1.23362,9.0,1.42526,27.0,0.86550,5.0
2018-04-16T02:13:00.000000000Z,1.23369,12.0,1.42531,15.0,0.86552,1.0
2018-04-16T02:14:00.000000000Z,1.23372,7.0,1.42540,16.0,0.86552,6.0
2018-04-16T02:15:00.000000000Z,1.23370,1.0,1.42540,16.0,0.86550,1.0
2018-04-16T02:16:00.000000000Z,1.23355,6.0,1.42530,12.0,0.86544,4.0
2018-04-16T02:17:00.000000000Z,1.23355,27.0,1.42526,28.0,0.86546,5.0
2018-04-16T02:18:00.000000000Z,1.23355,3.0,1.42534,15.0,0.86544,1.0
2018-04-16T02:19:00.000000000Z,1.23358,2.0,1.42553,24.0,0.86534,4.0
2018-04-16T02:20:00.000000000Z,1.23379,20.0,1.42572,28.0,0.86536,3.0
2018-04-16T02:21:00.000000000Z,1.23383,3.0,1.42582,39.0,0.86532,2.0
2018-04-16T02:22:00.000000000Z,1.23378,19.0,1.42570,18.0,0.86539,7.0
2018-04-16T02:23:00.000000000Z,1.23382,3.0,1.42570,8.0,0.86538,2.0
2018-04-16T02:24:00.000000000Z,1.23386,14.0,1.42581,21.0,0.86534,4.0
2018-04-16T02:25:00.000000000Z,1.23383,7.0,1.42582,5.0,0.86532,1.0
2018-04-16T02:26:00.000000000Z,1.23392,15.0,1.42588,25.0,0.86532,1.0
2018-04-16T02:27:00.000000000Z,1.23394,22.0,1.42602,27.0,0.86528,3.0
2018-04-16T02:28:00.000000000Z,1.23400,6.0,1.42609,16.0,0.86528,2.0
2018-04-16T02:29:00.000000000Z,1.23393,3.0,1.42602,25.0,0.86528,2.0
2018-04-16T02:30:00.000000000Z,1.23397,33.0,1.42602,16.0,0.86531,1.0
2018-04-16T02:31:00.000000000Z,1.23396,16.0,1.42602,7.0,0.86528,1.0
2018-04-16T02:32:00.000000000Z,1.23392,16.0,1.42602,5.0,0.86526,1.0
2018-04-16T02:33:00.000000000Z,1.23392,9.0,1.42602,5.0,0.86529,1.0
2018-04-16T02:34:00.000000000Z,1.23394,16.0,1.42602,5.0,0.86529,2.0
2018-04-16T02:35:00.000000000Z,1.23394,19.0,1.42602,1.0,0.86532,3.0
2018-04-16T02:36:00.000000000Z,1.23397,33.0,1.42602,24.0,0.86532,4.0
2018-04-16T02:37:00.000000000Z,1.23396,18.0,1.42602,33.0,0.86532,2.0
2018-04-16T02:38:00.000000000Z,1.23393,7.0,1.42592,14.0,0.86534,5.0
2018-04-16T02:39:00.000000000Z,1.23390,10.0,1.42593,2.0,0.86532,1.0
2018-04-16T02:40:00.000000000Z,1.23383,12.0,1.42589,7.0,0.86530,3.0
2018-04-16T02:41:00.000000000Z,1.23380,1.0,1.42592,6.0,0.86528,1.0
2018-04-16T02:42:00.000000000Z,1.23383,13.0,1.42592,10.0,0.86528,4.0
2018-04-16T02:43:00.000000000Z,1.23385,2.0,1.42591,12.0,0.86528,4.0
2018-04-16T02:44:00.000000000Z,1.23383,14.0,1.42590,6.0,0.86530,3.0
2018-04-16T02:45:00.000000000Z,1.23380,17.0,1.42579,16.0,0.86533,3.0
2018-04-16T02:46:00.000000000Z,1.23380,17.0,1.42578,4.0,0.86533,3.0
2018-04-16T02:47:00.000000000Z,1.23396,19.0,1.42581,7.0,0.86542,4.0
2018-04-16T02:48:00.000000000Z,1.23395,2.0,1.42580,8.0,0.86542,2.0
2018-04-16T02:49:00.000000000Z,1.23384,4.0,1.42580,3.0,0.86537,2.0
2018-04-16T02:51:00.000000000Z,1.23376,17.0,1.42580,13.0,0.86534,1.0
2018-04-16T02:52:00.000000000Z,1.23388,14.0,1.42581,7.0,0.86534,1.0
2018-04-16T02:53:00.000000000Z,1.23395,30.0,1.42598,39.0,0.86536,12.0
2018-04-16T02:54:00.000000000Z,1.23406,6.0,1.42600,16.0,0.86536,2.0
2018-04-16T02:55:00.000000000Z,1.23408,2.0,1.42601,4.0,0.86536,2.0
2018-04-16T02:56:00.000000000Z,1.23412,13.0,1.42602,13.0,0.86538,1.0
2018-04-16T02:57:00.000000000Z,1.23412,10.0,1.42614,13.0,0.86535,3.0
2018-04-16T02:58:00.000000000Z,1.23406,5.0,1.42620,24.0,0.86527,4.0
2018-04-16T02:59:00.000000000Z,1.23402,13.0,1.42612,24.0,0.86527,4.0
2018-04-16T03:00:00.000000000Z,1.23402,3.0,1.42612,24.0,0.86527,4.0
2018-04-16T03:01:00.000000000Z,1.23396,28.0,1.42606,2.0,0.86530,3.0
2018-04-16T03:02:00.000000000Z,1.23403,9.0,1.42600,2.0,0.86532,1.0
2018-04-16T03:03:00.000000000Z,1.23408,13.0,1.42630,36.0,0.86524,8.0
2018-04-16T03:04:00.000000000Z,1.23402,7.0,1.42622,2.0,0.86524,8.0
2018-04-16T03:05:00.000000000Z,1.23398,11.0,1.42616,4.0,0.86528,2.0
2018-04-16T03:06:00.000000000Z,1.23394,11.0,1.42608,12.0,0.86526,1.0
2018-04-16T03:07:00.000000000Z,1.23392,8.0,1.42622,30.0,0.86517,4.0
2018-04-16T03:08:00.000000000Z,1.23390,24.0,1.42622,7.0,0.86517,2.0
2018-04-16T03:09:00.000000000Z,1.23390,24.0,1.42622,1.0,0.86514,1.0
2018-04-16T03:10:00.000000000Z,1.23385,1.0,1.42612,84.0,0.86516,3.0
2018-04-16T03:11:00.000000000Z,1.23390,13.0,1.42622,45.0,0.86514,1.0
2018-04-16T03:12:00.000000000Z,1.23390,13.0,1.42622,2.0,0.86514,1.0
2018-04-16T03:13:00.000000000Z,1.23390,13.0,1.42622,7.0,0.86514,1.0
2018-04-16T03:14:00.000000000Z,1.23401,5.0,1.42633,43.0,0.86516,3.0
2018-04-16T03:15:00.000000000Z,1.23401,5.0,1.42633,14.0,0.86514,1.0
2018-04-16T03:16:00.000000000Z,1.23390,5.0,1.42616,8.0,0.86518,4.0
2018-04-16T03:17:00.000000000Z,1.23386,8.0,1.42616,8.0,0.86516,1.0
2018-04-16T03:18:00.000000000Z,1.23384,1.0,1.42616,1.0,0.86513,1.0
2018-04-16T03:19:00.000000000Z,1.23388,7.0,1.42624,11.0,0.86508,2.0
2018-04-16T03:20:00.000000000Z,1.23391,6.0,1.42631,24.0,0.86508,4.0
2018-04-16T03:21:00.000000000Z,1.23385,2.0,1.42625,15.0,0.86510,1.0
2018-04-16T03:22:00.000000000Z,1.23388,31.0,1.42644,52.0,0.86502,9.0
2018-04-16T03:23:00.000000000Z,1.23385,5.0,1.42634,13.0,0.86502,2.0
2018-04-16T03:24:00.000000000Z,1.23390,4.0,1.42644,39.0,0.86500,3.0
2018-04-16T03:25:00.000000000Z,1.23402,18.0,1.42669,22.0,0.86496,4.0
2018-04-16T03:26:00.000000000Z,1.23393,30.0,1.42662,19.0,0.86496,8.0
2018-04-16T03:27:00.000000000Z,1.23400,9.0,1.42661,16.0,0.86499,1.0
2018-04-16T03:28:00.000000000Z,1.23402,10.0,1.42660,14.0,0.86501,1.0
2018-04-16T03:29:00.000000000Z,1.23392,13.0,1.42659,11.0,0.86496,2.0
2018-04-16T03:30:00.000000000Z,1.23392,13.0,1.42648,9.0,0.86500,2.0
2018-04-16T03:31:00.000000000Z,1.23392,13.0,1.42648,5.0,0.86502,1.0
2018-04-16T03:32:00.000000000Z,1.23394,1.0,1.42649,8.0,0.86503,2.0
2018-04-16T03:33:00.000000000Z,1.23390,1.0,1.42641,32.0,0.86503,2.0
2018-04-16T03:34:00.000000000Z,1.23384,12.0,1.42640,6.0,0.86503,2.0
2018-04-16T03:35:00.000000000Z,1.23387,2.0,1.42642,9.0,0.86503,2.0
2018-04-16T03:36:00.000000000Z,1.23387,2.0,1.42642,2.0,0.86503,2.0
2018-04-16T03:37:00.000000000Z,1.23386,19.0,1.42644,8.0,0.86498,2.0
2018-04-16T03:38:00.000000000Z,1.23386,5.0,1.42642,9.0,0.86501,1.0
2018-04-16T03:39:00.000000000Z,1.23393,7.0,1.42642,3.0,0.86502,2.0
2018-04-16T03:40:00.000000000Z,1.23393,7.0,1.42642,34.0,0.86506,2.0
2018-04-16T03:41:00.000000000Z,1.23395,4.0,1.42642,31.0,0.86506,2.0
2018-04-16T03:42:00.000000000Z,1.23396,8.0,1.42646,29.0,0.86504,1.0
2018-04-16T03:43:00.000000000Z,1.23392,5.0,1.42646,29.0,0.86504,1.0
2018-04-16T03:44:00.000000000Z,1.23382,5.0,1.42641,18.0,0.86504,2.0
2018-04-16T03:45:00.000000000Z,1.23385,18.0,1.42640,14.0,0.86504,2.0
2018-04-16T03:46:00.000000000Z,1.23378,9.0,1.42639,19.0,0.86502,1.0
2018-04-16T03:47:00.000000000Z,1.23378,8.0,1.42638,5.0,0.86502,1.0
2018-04-16T03:48:00.000000000Z,1.23378,18.0,1.42638,6.0,0.86502,1.0
2018-04-16T03:49:00.000000000Z,1.23378,25.0,1.42638,8.0,0.86502,1.0
2018-04-16T03:50:00.000000000Z,1.23380,7.0,1.42638,3.0,0.86502,1.0
2018-04-16T03:51:00.000000000Z,1.23382,3.0,1.42638,2.0,0.86502,1.0
2018-04-16T03:52:00.000000000Z,1.23382,4.0,1.42638,2.0,0.86500,1.0
2018-04-16T03:53:00.000000000Z,1.23380,7.0,1.42638,2.0,0.86500,1.0
2018-04-16T03:55:00.000000000Z,1.23380,2.0,1.42639,8.0,0.86502,1.0
2018-04-16T03:56:00.000000000Z,1.23380,2.0,1.42638,1.0,0.86502,1.0
2018-04-16T03:57:00.000000000Z,1.23380,2.0,1.42638,11.0,0.86502,1.0
2018-04-16T03:58:00.000000000Z,1.23382,15.0,1.42633,24.0,0.86506,2.0
2018-04-16T03:59:00.000000000Z,1.23382,3.0,1.42636,31.0,0.86504,1.0
2018-04-16T04:00:00.000000000Z,1.23380,4.0,1.42628,15.0,0.86506,1.0
2018-04-16T04:01:00.000000000Z,1.23380,4.0,1.42628,5.0,0.86506,1.0
2018-04-16T04:02:00.000000000Z,1.23380,4.0,1.42626,2.0,0.86506,1.0
2018-04-16T04:03:00.000000000Z,1.23375,3.0,1.42614,12.0,0.86512,5.0
2018-04-16T04:04:00.000000000Z,1.23375,2.0,1.42614,12.0,0.86512,5.0
2018-04-16T04:05:00.000000000Z,1.23375,2.0,1.42614,8.0,0.86512,5.0
2018-04-16T04:07:00.000000000Z,1.23364,4.0,1.42603,23.0,0.86511,4.0
2018-04-16T04:08:00.000000000Z,1.23362,1.0,1.42598,10.0,0.86511,4.0
2018-04-16T04:09:00.000000000Z,1.23357,1.0,1.42587,15.0,0.86516,2.0
2018-04-16T04:10:00.000000000Z,1.23366,46.0,1.42593,21.0,0.86516,4.0
2018-04-16T04:13:00.000000000Z,1.23360,2.0,1.42591,16.0,0.86514,3.0
2018-04-16T04:14:00.000000000Z,1.23346,8.0,1.42586,24.0,0.86512,5.0
2018-04-16T04:15:00.000000000Z,1.23356,3.0,1.42586,4.0,0.86514,1.0
2018-04-16T04:16:00.000000000Z,1.23356,9.0,1.42586,23.0,0.86514,1.0
2018-04-16T04:17:00.000000000Z,1.23351,17.0,1.42586,5.0,0.86510,2.0
2018-04-16T04:18:00.000000000Z,1.23356,2.0,1.42588,11.0,0.86514,2.0
2018-04-16T04:19:00.000000000Z,1.23356,2.0,1.42587,3.0,0.86514,2.0
2018-04-16T04:20:00.000000000Z,1.23354,5.0,1.42588,3.0,0.86512,1.0
2018-04-16T04:21:00.000000000Z,1.23344,11.0,1.42587,11.0,0.86507,2.0
2018-04-16T04:22:00.000000000Z,1.23340,4.0,1.42586,8.0,0.86505,1.0
2018-04-16T04:23:00.000000000Z,1.23340,9.0,1.42593,8.0,0.86502,1.0
2018-04-16T04:24:00.000000000Z,1.23342,29.0,1.42588,9.0,0.86504,1.0
2018-04-16T04:25:00.000000000Z,1.23344,8.0,1.42590,13.0,0.86502,1.0
2018-04-16T04:26:00.000000000Z,1.23344,8.0,1.42596,4.0,0.86502,1.0
2018-04-16T04:27:00.000000000Z,1.23347,4.0,1.42594,4.0,0.86502,1.0
2018-04-16T04:28:00.000000000Z,1.23344,9.0,1.42595,3.0,0.86500,1.0
2018-04-16T04:29:00.000000000Z,1.23351,27.0,1.42596,7.0,0.86502,1.0
2018-04-16T04:30:00.000000000Z,1.23338,21.0,1.42588,40.0,0.86500,1.0
2018-04-16T04:31:00.000000000Z,1.23334,15.0,1.42584,12.0,0.86502,1.0
2018-04-16T04:32:00.000000000Z,1.23345,45.0,1.42588,33.0,0.86507,2.0
2018-04-16T04:33:00.000000000Z,1.23340,18.0,1.42594,12.0,0.86503,4.0
2018-04-16T04:34:00.000000000Z,1.23339,15.0,1.42589,11.0,0.86503,4.0
2018-04-16T04:35:00.000000000Z,1.23331,18.0,1.42587,12.0,0.86500,1.0
2018-04-16T04:36:00.000000000Z,1.23332,20.0,1.42586,58.0,0.86502,5.0
2018-04-16T04:37:00.000000000Z,1.23334,3.0,1.42586,58.0,0.86502,5.0
2018-04-16T04:38:00.000000000Z,1.23340,2.0,1.42586,58.0,0.86504,1.0
2018-04-16T04:40:00.000000000Z,1.23330,9.0,1.42581,6.0,0.86500,4.0
2018-04-16T04:41:00.000000000Z,1.23325,14.0,1.42576,17.0,0.86498,1.0
2018-04-16T04:42:00.000000000Z,1.23325,14.0,1.42571,34.0,0.86502,4.0
2018-04-16T04:43:00.000000000Z,1.23330,4.0,1.42571,34.0,0.86502,4.0
2018-04-16T04:44:00.000000000Z,1.23332,2.0,1.42578,4.0,0.86504,1.0
2018-04-16T04:45:00.000000000Z,1.23330,3.0,1.42578,4.0,0.86504,1.0
2018-04-16T04:46:00.000000000Z,1.23330,3.0,1.42576,1.0,0.86504,1.0
2018-04-16T04:47:00.000000000Z,1.23330,3.0,1.42577,1.0,0.86504,1.0
2018-04-16T04:48:00.000000000Z,1.23328,7.0,1.42574,7.0,0.86504,1.0
2018-04-16T04:49:00.000000000Z,1.23325,10.0,1.42568,5.0,0.86502,1.0
2018-04-16T04:50:00.000000000Z,1.23325,10.0,1.42576,2.0,0.86502,1.0
2018-04-16T04:51:00.000000000Z,1.23325,10.0,1.42574,4.0,0.86502,1.0
2018-04-16T04:52:00.000000000Z,1.23329,1.0,1.42574,4.0,0.86502,1.0
2018-04-16T04:53:00.000000000Z,1.23329,1.0,1.42574,2.0,0.86505,1.0
2018-04-16T04:54:00.000000000Z,1.23329,1.0,1.42574,8.0,0.86505,1.0
2018-04-16T04:55:00.000000000Z,1.23329,1.0,1.42574,9.0,0.86505,1.0
2018-04-16T04:56:00.000000000Z,1.23329,1.0,1.42574,3.0,0.86505,1.0
2018-04-16T04:57:00.000000000Z,1.23326,11.0,1.42574,3.0,0.86500,2.0
2018-04-16T04:58:00.000000000Z,1.23316,15.0,1.42568,12.0,0.86500,2.0
2018-04-16T04:59:00.000000000Z,1.23311,7.0,1.42567,6.0,0.86500,2.0
2018-04-16T05:00:00.000000000Z,1.23321,7.0,1.42576,26.0,0.86500,2.0
2018-04-16T05:01:00.000000000Z,1.23313,13.0,1.42566,15.0,0.86500,4.0
2018-04-16T05:02:00.000000000Z,1.23312,13.0,1.42566,26.0,0.86498,3.0
2018-04-16T05:03:00.000000000Z,1.23308,10.0,1.42561,12.0,0.86498,3.0
2018-04-16T05:04:00.000000000Z,1.23297,14.0,1.42562,17.0,0.86490,6.0
2018-04-16T05:05:00.000000000Z,1.23302,9.0,1.42538,20.0,0.86500,5.0
2018-04-16T05:06:00.000000000Z,1.23300,4.0,1.42528,24.0,0.86507,5.0
2018-04-16T05:07:00.000000000Z,1.23298,6.0,1.42536,51.0,0.86502,4.0
2018-04-16T05:08:00.000000000Z,1.23304,12.0,1.42534,25.0,0.86504,1.0
2018-04-16T05:09:00.000000000Z,1.23300,6.0,1.42532,11.0,0.86504,1.0
2018-04-16T05:10:00.000000000Z,1.23300,6.0,1.42534,6.0,0.86504,1.0
2018-04-16T05:11:00.000000000Z,1.23312,3.0,1.42544,20.0,0.86509,2.0
2018-04-16T05:12:00.000000000Z,1.23314,19.0,1.42539,8.0,0.86512,3.0
2018-04-16T05:13:00.000000000Z,1.23310,10.0,1.42539,8.0,0.86512,3.0
2018-04-16T05:15:00.000000000Z,1.23310,10.0,1.42532,1.0,0.86514,1.0
2018-04-16T05:16:00.000000000Z,1.23302,6.0,1.42525,4.0,0.86514,1.0
2018-04-16T05:17:00.000000000Z,1.23311,7.0,1.42526,11.0,0.86516,7.0
2018-04-16T05:18:00.000000000Z,1.23311,7.0,1.42528,1.0,0.86516,7.0
2018-04-16T05:19:00.000000000Z,1.23312,5.0,1.42528,1.0,0.86516,7.0
2018-04-16T05:20:00.000000000Z,1.23318,12.0,1.42538,21.0,0.86516,4.0
2018-04-16T05:21:00.000000000Z,1.23326,15.0,1.42540,11.0,0.86518,1.0
2018-04-16T05:22:00.000000000Z,1.23317,4.0,1.42532,1.0,0.86520,4.0
2018-04-16T05:23:00.000000000Z,1.23308,27.0,1.42525,10.0,0.86517,5.0
2018-04-16T05:24:00.000000000Z,1.23313,6.0,1.42538,12.0,0.86518,3.0
2018-04-16T05:25:00.000000000Z,1.23318,36.0,1.42544,6.0,0.86512,3.0
2018-04-16T05:26:00.000000000Z,1.23319,6.0,1.42544,6.0,0.86512,3.0
2018-04-16T05:27:00.000000000Z,1.23310,6.0,1.42536,38.0,0.86515,5.0
2018-04-16T05:28:00.000000000Z,1.23314,3.0,1.42536,4.0,0.86517,1.0
2018-04-16T05:29:00.000000000Z,1.23320,16.0,1.42538,13.0,0.86517,1.0
2018-04-16T05:30:00.000000000Z,1.23310,7.0,1.42538,21.0,0.86510,3.0
2018-04-16T05:31:00.000000000Z,1.23312,8.0,1.42528,26.0,0.86518,5.0
2018-04-16T05:32:00.000000000Z,1.23312,20.0,1.42528,36.0,0.86522,4.0
2018-04-16T05:33:00.000000000Z,1.23324,25.0,1.42525,38.0,0.86531,4.0
2018-04-16T05:34:00.000000000Z,1.23323,34.0,1.42526,29.0,0.86531,4.0
2018-04-16T05:35:00.000000000Z,1.23324,2.0,1.42518,44.0,0.86536,2.0
2018-04-16T05:36:00.000000000Z,1.23314,4.0,1.42512,19.0,0.86534,1.0
2018-04-16T05:37:00.000000000Z,1.23327,10.0,1.42521,21.0,0.86534,1.0
2018-04-16T05:38:00.000000000Z,1.23322,11.0,1.42511,12.0,0.86538,6.0
2018-04-16T05:39:00.000000000Z,1.23330,25.0,1.42515,14.0,0.86538,4.0
2018-04-16T05:40:00.000000000Z,1.23326,27.0,1.42522,2.0,0.86532,3.0
2018-04-16T05:41:00.000000000Z,1.23315,10.0,1.42516,9.0,0.86532,3.0
2018-04-16T05:42:00.000000000Z,1.23315,10.0,1.42516,9.0,0.86530,1.0
2018-04-16T05:43:00.000000000Z,1.23310,2.0,1.42506,16.0,0.86532,1.0
2018-04-16T05:44:00.000000000Z,1.23310,6.0,1.42470,10.0,0.86552,11.0
2018-04-16T05:45:00.000000000Z,1.23302,7.0,1.42465,29.0,0.86551,7.0
2018-04-16T05:46:00.000000000Z,1.23308,6.0,1.42458,15.0,0.86556,4.0
2018-04-16T05:47:00.000000000Z,1.23315,14.0,1.42479,33.0,0.86550,4.0
2018-04-16T05:49:00.000000000Z,1.23312,2.0,1.42479,33.0,0.86550,4.0
2018-04-16T05:50:00.000000000Z,1.23311,10.0,1.42478,1.0,0.86546,2.0
2018-04-16T05:51:00.000000000Z,1.23318,12.0,1.42488,19.0,0.86546,2.0
2018-04-16T05:52:00.000000000Z,1.23305,21.0,1.42480,4.0,0.86544,1.0
2018-04-16T05:53:00.000000000Z,1.23293,12.0,1.42480,4.0,0.86536,3.0
2018-04-16T05:54:00.000000000Z,1.23280,6.0,1.42456,23.0,0.86536,8.0
2018-04-16T05:55:00.000000000Z,1.23280,2.0,1.42460,28.0,0.86534,7.0
2018-04-16T05:56:00.000000000Z,1.23286,10.0,1.42464,7.0,0.86538,4.0
2018-04-16T05:57:00.000000000Z,1.23278,29.0,1.42461,6.0,0.86536,5.0
2018-04-16T05:58:00.000000000Z,1.23286,29.0,1.42459,85.0,0.86541,2.0
2018-04-16T05:59:00.000000000Z,1.23300,6.0,1.42463,44.0,0.86548,3.0
2018-04-16T06:00:00.000000000Z,1.23295,12.0,1.42470,18.0,0.86540,9.0
2018-04-16T06:01:00.000000000Z,1.23309,48.0,1.42482,35.0,0.86544,8.0
2018-04-16T06:02:00.000000000Z,1.23314,47.0,1.42496,54.0,0.86537,15.0
2018-04-16T06:03:00.000000000Z,1.23315,63.0,1.42503,37.0,0.86534,17.0
2018-04-16T06:04:00.000000000Z,1.23320,63.0,1.42520,17.0,0.86528,15.0
2018-04-16T06:05:00.000000000Z,1.23338,35.0,1.42538,30.0,0.86529,10.0
2018-04-16T06:06:00.000000000Z,1.23366,44.0,1.42569,104.0,0.86529,8.0
2018-04-16T06:07:00.000000000Z,1.23364,21.0,1.42576,52.0,0.86531,1.0
2018-04-16T06:08:00.000000000Z,1.23366,39.0,1.42575,83.0,0.86529,21.0
2018-04-16T06:09:00.000000000Z,1.23361,34.0,1.42565,32.0,0.86530,14.0
2018-04-16T06:10:00.000000000Z,1.23360,17.0,1.42563,35.0,0.86532,3.0
2018-04-16T06:11:00.000000000Z,1.23356,14.0,1.42556,38.0,0.86534,7.0
2018-04-16T06:12:00.000000000Z,1.23356,17.0,1.42569,30.0,0.86526,9.0
2018-04-16T06:13:00.000000000Z,1.23348,30.0,1.42570,27.0,0.86520,7.0
2018-04-16T06:14:00.000000000Z,1.23346,25.0,1.42565,42.0,0.86518,11.0
2018-04-16T06:15:00.000000000Z,1.23337,52.0,1.42568,75.0,0.86512,8.0
2018-04-16T06:16:00.000000000Z,1.23332,38.0,1.42574,54.0,0.86506,7.0
2018-04-16T06:17:00.000000000Z,1.23336,33.0,1.42574,51.0,0.86508,5.0
2018-04-16T06:18:00.000000000Z,1.23336,20.0,1.42574,21.0,0.86508,2.0
2018-04-16T06:19:00.000000000Z,1.23339,36.0,1.42574,13.0,0.86508,2.0
2018-04-16T06:20:00.000000000Z,1.23327,43.0,1.42565,47.0,0.86504,8.0
2018-04-16T06:21:00.000000000Z,1.23342,29.0,1.42624,56.0,0.86480,21.0
2018-04-16T06:22:00.000000000Z,1.23349,43.0,1.42652,31.0,0.86466,19.0
2018-04-16T06:23:00.000000000Z,1.23354,22.0,1.42660,61.0,0.86470,4.0
2018-04-16T06:24:00.000000000Z,1.23336,20.0,1.42676,61.0,0.86446,30.0
2018-04-16T06:25:00.000000000Z,1.23338,45.0,1.42672,30.0,0.86448,11.0
2018-04-16T06:26:00.000000000Z,1.23356,73.0,1.42688,77.0,0.86451,24.0
2018-04-16T06:27:00.000000000Z,1.23359,36.0,1.42676,51.0,0.86464,12.0
2018-04-16T06:28:00.000000000Z,1.23379,31.0,1.42686,55.0,0.86474,14.0
2018-04-16T06:29:00.000000000Z,1.23386,18.0,1.42682,28.0,0.86476,7.0
2018-04-16T06:30:00.000000000Z,1.23370,36.0,1.42658,54.0,0.86484,15.0
2018-04-16T06:31:00.000000000Z,1.23350,22.0,1.42635,31.0,0.86481,9.0
2018-04-16T06:32:00.000000000Z,1.23336,35.0,1.42631,22.0,0.86475,11.0
2018-04-16T06:33:00.000000000Z,1.23346,18.0,1.42633,41.0,0.86480,4.0
2018-04-16T06:34:00.000000000Z,1.23360,29.0,1.42640,20.0,0.86484,4.0
2018-04-16T06:35:00.000000000Z,1.23362,15.0,1.42644,22.0,0.86485,10.0
2018-04-16T06:36:00.000000000Z,1.23371,22.0,1.42643,39.0,0.86490,8.0
2018-04-16T06:37:00.000000000Z,1.23358,30.0,1.42636,20.0,0.86486,2.0
2018-04-16T06:38:00.000000000Z,1.23352,9.0,1.42634,18.0,0.86484,9.0
2018-04-16T06:39:00.000000000Z,1.23328,78.0,1.42600,57.0,0.86488,20.0
2018-04-16T06:40:00.000000000Z,1.23338,40.0,1.42586,54.0,0.86498,16.0
2018-04-16T06:41:00.000000000Z,1.23336,27.0,1.42567,28.0,0.86510,9.0
2018-04-16T06:42:00.000000000Z,1.23341,15.0,1.42558,33.0,0.86519,20.0
2018-04-16T06:43:00.000000000Z,1.23346,14.0,1.42550,8.0,0.86529,8.0
2018-04-16T06:44:00.000000000Z,1.23344,8.0,1.42543,2.0,0.86529,8.0
2018-04-16T06:45:00.000000000Z,1.23350,16.0,1.42516,46.0,0.86549,17.0
2018-04-16T06:46:00.000000000Z,1.23351,60.0,1.42510,96.0,0.86556,32.0
2018-04-16T06:47:00.000000000Z,1.23356,52.0,1.42513,50.0,0.86558,13.0
2018-04-16T06:48:00.000000000Z,1.23354,45.0,1.42506,27.0,0.86561,9.0
2018-04-16T06:49:00.000000000Z,1.23376,54.0,1.42540,34.0,0.86554,9.0
2018-04-16T06:50:00.000000000Z,1.23377,30.0,1.42510,34.0,0.86572,13.0
2018-04-16T06:51:00.000000000Z,1.23366,36.0,1.42486,36.0,0.86581,15.0
2018-04-16T06:52:00.000000000Z,1.23344,88.0,1.42488,37.0,0.86564,13.0
2018-04-16T06:53:00.000000000Z,1.23338,52.0,1.42483,35.0,0.86564,17.0
2018-04-16T06:54:00.000000000Z,1.23334,12.0,1.42454,38.0,0.86580,19.0
2018-04-16T06:55:00.000000000Z,1.23309,79.0,1.42420,48.0,0.86582,21.0
2018-04-16T06:56:00.000000000Z,1.23294,59.0,1.42389,47.0,0.86592,29.0
2018-04-16T06:57:00.000000000Z,1.23270,179.0,1.42400,82.0,0.86564,37.0
2018-04-16T06:58:00.000000000Z,1.23260,111.0,1.42401,74.0,0.86560,34.0
2018-04-16T06:59:00.000000000Z,1.23270,91.0,1.42412,40.0,0.86562,18.0
2018-04-16T07:00:00.000000000Z,1.23278,99.0,1.42416,103.0,0.86558,41.0
2018-04-16T07:01:00.000000000Z,1.23274,86.0,1.42420,78.0,0.86557,34.0
2018-04-16T07:02:00.000000000Z,1.23291,56.0,1.42430,91.0,0.86562,20.0
2018-04-16T07:03:00.000000000Z,1.23290,55.0,1.42446,53.0,0.86552,14.0
2018-04-16T07:04:00.000000000Z,1.23309,29.0,1.42459,23.0,0.86557,16.0
2018-04-16T07:05:00.000000000Z,1.23306,48.0,1.42496,47.0,0.86535,17.0
2018-04-16T07:06:00.000000000Z,1.23296,55.0,1.42484,65.0,0.86536,27.0
2018-04-16T07:07:00.000000000Z,1.23316,96.0,1.42519,76.0,0.86531,29.0
2018-04-16T07:08:00.000000000Z,1.23314,37.0,1.42520,63.0,0.86524,19.0
2018-04-16T07:09:00.000000000Z,1.23271,44.0,1.42488,49.0,0.86516,16.0
2018-04-16T07:10:00.000000000Z,1.23277,37.0,1.42486,54.0,0.86521,20.0
2018-04-16T07:11:00.000000000Z,1.23278,27.0,1.42466,49.0,0.86536,8.0
2018-04-16T07:12:00.000000000Z,1.23314,75.0,1.42466,63.0,0.86556,35.0
2018-04-16T07:13:00.000000000Z,1.23304,41.0,1.42462,44.0,0.86554,24.0
2018-04-16T07:14:00.000000000Z,1.23288,10.0,1.42442,39.0,0.86558,11.0
2018-04-16T07:15:00.000000000Z,1.23280,37.0,1.42413,45.0,0.86566,16.0
2018-04-16T07:16:00.000000000Z,1.23278,85.0,1.42374,109.0,0.86590,34.0
2018-04-16T07:17:00.000000000Z,1.23318,70.0,1.42412,71.0,0.86596,16.0
2018-04-16T07:18:00.000000000Z,1.23346,66.0,1.42445,50.0,0.86593,20.0
2018-04-16T07:19:00.000000000Z,1.23347,34.0,1.42462,17.0,0.86584,8.0
2018-04-16T07:20:00.000000000Z,1.23358,52.0,1.42484,62.0,0.86578,27.0
2018-04-16T07:21:00.000000000Z,1.23356,39.0,1.42480,23.0,0.86578,14.0
2018-04-16T07:22:00.000000000Z,1.23354,23.0,1.42492,40.0,0.86571,15.0
2018-04-16T07:23:00.000000000Z,1.23351,31.0,1.42488,55.0,0.86570,21.0
2018-04-16T07:24:00.000000000Z,1.23346,32.0,1.42488,31.0,0.86568,12.0
2018-04-16T07:25:00.000000000Z,1.23348,36.0,1.42486,65.0,0.86568,23.0
2018-04-16T07:26:00.000000000Z,1.23360,55.0,1.42492,64.0,0.86570,15.0
2018-04-16T07:27:00.000000000Z,1.23340,50.0,1.42473,33.0,0.86571,9.0
2018-04-16T07:28:00.000000000Z,1.23352,41.0,1.42455,62.0,0.86590,24.0
2018-04-16T07:29:00.000000000Z,1.23360,36.0,1.42477,19.0,0.86583,17.0
2018-04-16T07:30:00.000000000Z,1.23353,72.0,1.42469,58.0,0.86583,10.0
2018-04-16T07:31:00.000000000Z,1.23372,33.0,1.42480,39.0,0.86594,7.0
2018-04-16T07:32:00.000000000Z,1.23384,76.0,1.42504,56.0,0.86584,12.0
2018-04-16T07:33:00.000000000Z,1.23386,40.0,1.42510,64.0,0.86574,12.0
2018-04-16T07:34:00.000000000Z,1.23390,35.0,1.42528,59.0,0.86576,9.0
2018-04-16T07:35:00.000000000Z,1.23408,67.0,1.42536,42.0,0.86584,11.0
2018-04-16T07:36:00.000000000Z,1.23398,41.0,1.42536,31.0,0.86575,15.0
2018-04-16T07:37:00.000000000Z,1.23402,29.0,1.42535,33.0,0.86579,12.0
2018-04-16T07:38:00.000000000Z,1.23398,34.0,1.42509,62.0,0.86590,13.0
2018-04-16T07:39:00.000000000Z,1.23384,12.0,1.42506,45.0,0.86582,13.0
2018-04-16T07:40:00.000000000Z,1.23366,43.0,1.42471,62.0,0.86590,25.0
2018-04-16T07:41:00.000000000Z,1.23382,48.0,1.42509,30.0,0.86580,14.0
2018-04-16T07:42:00.000000000Z,1.23384,26.0,1.42505,22.0,0.86580,4.0
2018-04-16T07:43:00.000000000Z,1.23392,22.0,1.42539,11.0,0.86569,9.0
2018-04-16T07:44:00.000000000Z,1.23385,42.0,1.42508,56.0,0.86586,13.0
2018-04-16T07:45:00.000000000Z,1.23408,33.0,1.42510,34.0,0.86595,12.0
2018-04-16T07:46:00.000000000Z,1.23408,9.0,1.42523,38.0,0.86593,5.0
2018-04-16T07:47:00.000000000Z,1.23412,29.0,1.42512,16.0,0.86598,8.0
2018-04-16T07:48:00.000000000Z,1.23406,38.0,1.42493,46.0,0.86606,11.0
2018-04-16T07:49:00.000000000Z,1.23418,47.0,1.42504,71.0,0.86610,24.0
2018-04-16T07:50:00.000000000Z,1.23423,45.0,1.42488,37.0,0.86620,15.0
2018-04-16T07:51:00.000000000Z,1.23424,13.0,1.42471,15.0,0.86633,7.0
2018-04-16T07:52:00.000000000Z,1.23450,67.0,1.42488,65.0,0.86642,15.0
2018-04-16T07:53:00.000000000Z,1.23580,284.0,1.42609,238.0,0.86660,76.0
2018-04-16T07:54:00.000000000Z,1.23566,157.0,1.42586,196.0,0.86663,39.0
2018-04-16T07:55:00.000000000Z,1.23576,100.0,1.42602,64.0,0.86656,19.0
2018-04-16T07:56:00.000000000Z,1.23582,66.0,1.42596,116.0,0.86664,43.0
2018-04-16T07:57:00.000000000Z,1.23582,99.0,1.42610,86.0,0.86656,31.0
2018-04-16T07:58:00.000000000Z,1.23566,61.0,1.42616,49.0,0.86644,20.0
2018-04-16T07:59:00.000000000Z,1.23570,79.0,1.42586,41.0,0.86663,19.0
2018-04-16T08:00:00.000000000Z,1.23580,67.0,1.42617,46.0,0.86652,12.0
2018-04-16T08:01:00.000000000Z,1.23586,52.0,1.42608,36.0,0.86660,27.0
2018-04-16T08:02:00.000000000Z,1.23593,43.0,1.42656,56.0,0.86636,18.0
2018-04-16T08:03:00.000000000Z,1.23619,77.0,1.42685,98.0,0.86637,34.0
2018-04-16T08:04:00.000000000Z,1.23615,58.0,1.42712,72.0,0.86619,23.0
2018-04-16T08:05:00.000000000Z,1.23610,40.0,1.42690,50.0,0.86625,28.0
2018-04-16T08:06:00.000000000Z,1.23594,33.0,1.42659,25.0,0.86634,17.0
2018-04-16T08:07:00.000000000Z,1.23604,12.0,1.42659,25.0,0.86641,7.0
2018-04-16T08:08:00.000000000Z,1.23622,49.0,1.42674,53.0,0.86648,25.0
2018-04-16T08:09:00.000000000Z,1.23598,33.0,1.42636,30.0,0.86650,9.0
2018-04-16T08:10:00.000000000Z,1.23587,24.0,1.42584,26.0,0.86674,12.0
2018-04-16T08:11:00.000000000Z,1.23589,14.0,1.42575,64.0,0.86685,28.0
2018-04-16T08:12:00.000000000Z,1.23592,21.0,1.42586,47.0,0.86678,13.0
2018-04-16T08:13:00.000000000Z,1.23590,28.0,1.42572,32.0,0.86686,13.0
2018-04-16T08:14:00.000000000Z,1.23600,56.0,1.42578,60.0,0.86686,10.0
2018-04-16T08:15:00.000000000Z,1.23584,30.0,1.42604,65.0,0.86662,24.0
2018-04-16T08:16:00.000000000Z,1.23572,65.0,1.42632,41.0,0.86639,25.0
2018-04-16T08:17:00.000000000Z,1.23566,43.0,1.42634,62.0,0.86635,12.0
2018-04-16T08:18:00.000000000Z,1.23552,42.0,1.42591,88.0,0.86650,19.0
2018-04-16T08:19:00.000000000Z,1.23552,59.0,1.42655,69.0,0.86610,34.0
2018-04-16T08:20:00.000000000Z,1.23556,15.0,1.42661,66.0,0.86606,21.0
2018-04-16T08:21:00.000000000Z,1.23545,26.0,1.42634,77.0,0.86618,25.0
2018-04-16T08:22:00.000000000Z,1.23546,22.0,1.42659,34.0,0.86602,12.0
2018-04-16T08:23:00.000000000Z,1.23550,35.0,1.42693,50.0,0.86588,18.0
2018-04-16T08:24:00.000000000Z,1.23540,21.0,1.42671,43.0,0.86591,17.0
2018-04-16T08:25:00.000000000Z,1.23532,11.0,1.42650,17.0,0.86595,7.0
2018-04-16T08:26:00.000000000Z,1.23559,23.0,1.42681,55.0,0.86596,20.0
2018-04-16T08:27:00.000000000Z,1.23606,118.0,1.42757,120.0,0.86584,59.0
2018-04-16T08:28:00.000000000Z,1.23610,54.0,1.42769,54.0,0.86580,22.0
2018-04-16T08:29:00.000000000Z,1.23574,60.0,1.42726,74.0,0.86582,13.0
2018-04-16T08:30:00.000000000Z,1.23579,54.0,1.42745,55.0,0.86572,21.0
2018-04-16T08:31:00.000000000Z,1.23585,78.0,1.42756,79.0,0.86572,20.0
2018-04-16T08:32:00.000000000Z,1.23580,17.0,1.42748,42.0,0.86573,5.0
2018-04-16T08:33:00.000000000Z,1.23612,77.0,1.42760,99.0,0.86587,32.0
2018-04-16T08:34:00.000000000Z,1.23614,51.0,1.42757,66.0,0.86590,24.0
2018-04-16T08:35:00.000000000Z,1.23650,62.0,1.42806,58.0,0.86586,26.0
2018-04-16T08:36:00.000000000Z,1.23641,35.0,1.42781,68.0,0.86596,16.0
2018-04-16T08:37:00.000000000Z,1.23626,139.0,1.42752,89.0,0.86602,44.0
2018-04-16T08:38:00.000000000Z,1.23634,36.0,1.42778,86.0,0.86591,24.0
2018-04-16T08:39:00.000000000Z,1.23654,56.0,1.42790,61.0,0.86596,19.0
2018-04-16T08:40:00.000000000Z,1.23640,57.0,1.42788,67.0,0.86594,23.0
2018-04-16T08:41:00.000000000Z,1.23638,41.0,1.42797,53.0,0.86586,12.0
2018-04-16T08:42:00.000000000Z,1.23634,26.0,1.42788,58.0,0.86588,25.0
2018-04-16T08:43:00.000000000Z,1.23668,35.0,1.42774,70.0,0.86620,41.0
2018-04-16T08:44:00.000000000Z,1.23652,27.0,1.42752,56.0,0.86624,12.0
2018-04-16T08:45:00.000000000Z,1.23658,8.0,1.42764,45.0,0.86618,15.0
2018-04-16T08:46:00.000000000Z,1.23663,23.0,1.42722,84.0,0.86644,25.0
2018-04-16T08:47:00.000000000Z,1.23658,51.0,1.42748,110.0,0.86629,34.0
2018-04-16T08:48:00.000000000Z,1.23671,33.0,1.42748,26.0,0.86633,8.0
2018-04-16T08:49:00.000000000Z,1.23668,29.0,1.42750,73.0,0.86629,20.0
2018-04-16T08:50:00.000000000Z,1.23672,38.0,1.42742,20.0,0.86638,14.0
2018-04-16T08:51:00.000000000Z,1.23653,21.0,1.42730,23.0,0.86634,4.0
2018-04-16T08:52:00.000000000Z,1.23654,37.0,1.42733,30.0,0.86634,12.0
2018-04-16T08:53:00.000000000Z,1.23666,30.0,1.42729,16.0,0.86641,10.0
2018-04-16T08:54:00.000000000Z,1.23652,24.0,1.42719,18.0,0.86638,11.0
2018-04-16T08:55:00.000000000Z,1.23631,17.0,1.42710,16.0,0.86632,15.0
2018-04-16T08:56:00.000000000Z,1.23620,26.0,1.42689,33.0,0.86636,21.0
2018-04-16T08:57:00.000000000Z,1.23627,23.0,1.42696,39.0,0.86638,14.0
2018-04-16T08:58:00.000000000Z,1.23642,72.0,1.42726,49.0,0.86632,25.0
2018-04-16T08:59:00.000000000Z,1.23650,32.0,1.42714,79.0,0.86641,25.0
2018-04-16T09:00:00.000000000Z,1.23632,30.0,1.42708,67.0,0.86638,23.0
2018-04-16T09:01:00.000000000Z,1.23625,19.0,1.42690,71.0,0.86638,18.0
2018-04-16T09:02:00.000000000Z,1.23644,30.0,1.42718,51.0,0.86634,16.0
2018-04-16T09:03:00.000000000Z,1.23632,23.0,1.42723,45.0,0.86622,11.0
2018-04-16T09:04:00.000000000Z,1.23632,15.0,1.42722,38.0,0.86624,5.0
2018-04-16T09:05:00.000000000Z,1.23643,24.0,1.42742,18.0,0.86622,7.0
2018-04-16T09:06:00.000000000Z,1.23639,21.0,1.42755,25.0,0.86612,12.0
2018-04-16T09:07:00.000000000Z,1.23638,24.0,1.42758,24.0,0.86610,13.0
2018-04-16T09:08:00.000000000Z,1.23633,21.0,1.42769,56.0,0.86600,14.0
2018-04-16T09:09:00.000000000Z,1.23620,19.0,1.42802,61.0,0.86564,34.0
2018-04-16T09:10:00.000000000Z,1.23631,13.0,1.42813,27.0,0.86566,13.0
2018-04-16T09:11:00.000000000Z,1.23624,14.0,1.42826,31.0,0.86558,14.0
2018-04-16T09:12:00.000000000Z,1.23623,10.0,1.42816,38.0,0.86562,10.0
2018-04-16T09:13:00.000000000Z,1.23627,24.0,1.42824,15.0,0.86558,11.0
2018-04-16T09:14:00.000000000Z,1.23615,20.0,1.42810,36.0,0.86561,9.0
2018-04-16T09:15:00.000000000Z,1.23624,17.0,1.42798,38.0,0.86575,6.0
2018-04-16T09:16:00.000000000Z,1.23618,16.0,1.42800,38.0,0.86566,13.0
2018-04-16T09:17:00.000000000Z,1.23614,22.0,1.42798,14.0,0.86566,2.0
2018-04-16T09:18:00.000000000Z,1.23601,10.0,1.42784,54.0,0.86563,7.0
2018-04-16T09:19:00.000000000Z,1.23594,27.0,1.42772,39.0,0.86566,11.0
2018-04-16T09:20:00.000000000Z,1.23588,28.0,1.42770,40.0,0.86562,15.0
2018-04-16T09:21:00.000000000Z,1.23590,3.0,1.42780,25.0,0.86558,5.0
2018-04-16T09:22:00.000000000Z,1.23586,14.0,1.42791,29.0,0.86551,3.0
2018-04-16T09:23:00.000000000Z,1.23585,29.0,1.42796,42.0,0.86548,19.0
2018-04-16T09:24:00.000000000Z,1.23576,20.0,1.42792,34.0,0.86542,6.0
2018-04-16T09:25:00.000000000Z,1.23588,33.0,1.42798,13.0,0.86546,5.0
2018-04-16T09:26:00.000000000Z,1.23607,17.0,1.42856,40.0,0.86524,16.0
2018-04-16T09:27:00.000000000Z,1.23601,38.0,1.42801,110.0,0.86553,30.0
2018-04-16T09:28:00.000000000Z,1.23596,28.0,1.42801,73.0,0.86552,18.0
2018-04-16T09:29:00.000000000Z,1.23582,27.0,1.42814,64.0,0.86534,27.0
