time,EUR_GBP_close,EUR_GBP_volume
2018-04-13T18:30:00.000000000Z,0.86581,3
2018-04-13T18:31:00.000000000Z,0.86581,2
2018-04-13T18:32:00.000000000Z,0.86588,6
2018-04-13T18:33:00.000000000Z,0.86591,7
2018-04-13T18:34:00.000000000Z,0.86592,3
2018-04-13T18:35:00.000000000Z,0.86588,6
2018-04-13T18:36:00.000000000Z,0.86590,3
2018-04-13T18:37:00.000000000Z,0.86592,1
2018-04-13T18:38:00.000000000Z,0.86597,4
2018-04-13T18:40:00.000000000Z,0.86595,2
2018-04-13T18:41:00.000000000Z,0.86597,3
2018-04-13T18:42:00.000000000Z,0.86599,7
2018-04-13T18:43:00.000000000Z,0.86599,2
2018-04-13T18:44:00.000000000Z,0.86602,5
2018-04-13T18:45:00.000000000Z,0.86602,2
2018-04-13T18:46:00.000000000Z,0.86599,3
2018-04-13T18:47:00.000000000Z,0.86601,7
2018-04-13T18:48:00.000000000Z,0.86600,6
2018-04-13T18:49:00.000000000Z,0.86619,33
2018-04-13T18:50:00.000000000Z,0.86616,7
2018-04-13T18:51:00.000000000Z,0.86612,4
2018-04-13T18:52:00.000000000Z,0.86621,5
2018-04-13T18:53:00.000000000Z,0.86620,4
2018-04-13T18:54:00.000000000Z,0.86612,7
2018-04-13T18:55:00.000000000Z,0.86614,5
2018-04-13T18:56:00.000000000Z,0.86612,5
2018-04-13T18:57:00.000000000Z,0.86618,2
2018-04-13T18:58:00.000000000Z,0.86615,1
2018-04-13T18:59:00.000000000Z,0.86618,5
2018-04-13T19:00:00.000000000Z,0.86622,10
2018-04-13T19:01:00.000000000Z,0.86636,8
2018-04-13T19:02:00.000000000Z,0.86628,13
2018-04-13T19:03:00.000000000Z,0.86634,11
2018-04-13T19:04:00.000000000Z,0.86636,7
2018-04-13T19:05:00.000000000Z,0.86646,6
2018-04-13T19:06:00.000000000Z,0.86644,5
2018-04-13T19:07:00.000000000Z,0.86646,5
2018-04-13T19:08:00.000000000Z,0.86639,7
2018-04-13T19:09:00.000000000Z,0.86639,4
2018-04-13T19:10:00.000000000Z,0.86639,2
2018-04-13T19:11:00.000000000Z,0.86639,6
2018-04-13T19:12:00.000000000Z,0.86634,4
2018-04-13T19:13:00.000000000Z,0.86634,4
2018-04-13T19:14:00.000000000Z,0.86644,4
2018-04-13T19:15:00.000000000Z,0.86640,11
2018-04-13T19:16:00.000000000Z,0.86646,12
2018-04-13T19:17:00.000000000Z,0.86648,5
2018-04-13T19:18:00.000000000Z,0.86650,10
2018-04-13T19:19:00.000000000Z,0.86656,16
2018-04-13T19:20:00.000000000Z,0.86656,6
2018-04-13T19:21:00.000000000Z,0.86648,11
2018-04-13T19:22:00.000000000Z,0.86640,5
2018-04-13T19:23:00.000000000Z,0.86640,6
2018-04-13T19:24:00.000000000Z,0.86640,8
2018-04-13T19:25:00.000000000Z,0.86644,8
2018-04-13T19:26:00.000000000Z,0.86642,11
2018-04-13T19:27:00.000000000Z,0.86640,7
2018-04-13T19:28:00.000000000Z,0.86639,8
2018-04-13T19:29:00.000000000Z,0.86634,2
2018-04-13T19:30:00.000000000Z,0.86644,4
2018-04-13T19:31:00.000000000Z,0.86642,7
2018-04-13T19:32:00.000000000Z,0.86636,3
2018-04-13T19:33:00.000000000Z,0.86624,13
2018-04-13T19:34:00.000000000Z,0.86626,3
2018-04-13T19:35:00.000000000Z,0.86628,3
2018-04-13T19:36:00.000000000Z,0.86626,5
2018-04-13T19:38:00.000000000Z,0.86628,1
2018-04-13T19:39:00.000000000Z,0.86625,3
2018-04-13T19:40:00.000000000Z,0.86620,6
2018-04-13T19:41:00.000000000Z,0.86619,4
2018-04-13T19:42:00.000000000Z,0.86617,5
2018-04-13T19:43:00.000000000Z,0.86615,1
2018-04-13T19:44:00.000000000Z,0.86610,4
2018-04-13T19:45:00.000000000Z,0.86614,6
2018-04-13T19:46:00.000000000Z,0.86610,4
2018-04-13T19:47:00.000000000Z,0.86606,3
2018-04-13T19:48:00.000000000Z,0.86604,3
2018-04-13T19:49:00.000000000Z,0.86604,4
2018-04-13T19:50:00.000000000Z,0.86606,3
2018-04-13T19:51:00.000000000Z,0.86608,3
2018-04-13T19:52:00.000000000Z,0.86609,4
2018-04-13T19:53:00.000000000Z,0.86610,6
2018-04-13T19:54:00.000000000Z,0.86610,6
2018-04-13T19:55:00.000000000Z,0.86610,14
2018-04-13T19:56:00.000000000Z,0.86606,5
2018-04-13T19:57:00.000000000Z,0.86609,1
2018-04-13T19:58:00.000000000Z,0.86598,9
2018-04-13T19:59:00.000000000Z,0.86609,14
2018-04-13T20:00:00.000000000Z,0.86614,12
2018-04-13T20:01:00.000000000Z,0.86614,8
2018-04-13T20:03:00.000000000Z,0.86612,1
2018-04-13T20:04:00.000000000Z,0.86614,1
2018-04-13T20:05:00.000000000Z,0.86610,4
2018-04-13T20:06:00.000000000Z,0.86627,16
2018-04-13T20:07:00.000000000Z,0.86625,1
2018-04-13T20:10:00.000000000Z,0.86632,7
2018-04-13T20:11:00.000000000Z,0.86634,1
2018-04-13T20:12:00.000000000Z,0.86636,4
2018-04-13T20:13:00.000000000Z,0.86634,1
2018-04-13T20:14:00.000000000Z,0.86640,3
2018-04-13T20:15:00.000000000Z,0.86640,2
2018-04-13T20:16:00.000000000Z,0.86636,3
2018-04-13T20:17:00.000000000Z,0.86642,2
2018-04-13T20:18:00.000000000Z,0.86636,3
2018-04-13T20:19:00.000000000Z,0.86634,1
2018-04-13T20:21:00.000000000Z,0.86638,2
2018-04-13T20:22:00.000000000Z,0.86622,14
2018-04-13T20:25:00.000000000Z,0.86624,3
2018-04-13T20:27:00.000000000Z,0.86625,2
2018-04-13T20:28:00.000000000Z,0.86627,1
2018-04-13T20:29:00.000000000Z,0.86630,5
2018-04-13T20:30:00.000000000Z,0.86628,12
2018-04-13T20:31:00.000000000Z,0.86628,2
2018-04-13T20:32:00.000000000Z,0.86630,3
2018-04-13T20:34:00.000000000Z,0.86628,1
2018-04-13T20:35:00.000000000Z,0.86625,3
2018-04-13T20:36:00.000000000Z,0.86624,4
2018-04-13T20:37:00.000000000Z,0.86622,1
2018-04-13T20:40:00.000000000Z,0.86620,1
2018-04-13T20:41:00.000000000Z,0.86616,6
2018-04-13T20:42:00.000000000Z,0.86611,2
2018-04-13T20:43:00.000000000Z,0.86602,6
2018-04-13T20:44:00.000000000Z,0.86597,4
2018-04-13T20:45:00.000000000Z,0.86590,5
2018-04-13T20:46:00.000000000Z,0.86599,4
2018-04-13T20:47:00.000000000Z,0.86592,3
2018-04-13T20:48:00.000000000Z,0.86597,2
2018-04-13T20:49:00.000000000Z,0.86597,4
2018-04-13T20:50:00.000000000Z,0.86598,7
2018-04-13T20:51:00.000000000Z,0.86614,39
2018-04-13T20:52:00.000000000Z,0.86608,14
2018-04-13T20:53:00.000000000Z,0.86607,11
2018-04-13T20:54:00.000000000Z,0.86592,21
2018-04-13T20:55:00.000000000Z,0.86592,33
2018-04-13T20:56:00.000000000Z,0.86596,5
2018-04-13T20:57:00.000000000Z,0.86591,5
2018-04-13T20:58:00.000000000Z,0.86594,3
2018-04-13T20:59:00.000000000Z,0.86611,9
2018-04-15T21:00:00.000000000Z,0.86585,1
2018-04-15T21:01:00.000000000Z,0.86574,3
2018-04-15T21:02:00.000000000Z,0.86574,4
2018-04-15T21:03:00.000000000Z,0.86618,15
2018-04-15T21:04:00.000000000Z,0.86600,2
2018-04-15T21:05:00.000000000Z,0.86606,5
2018-04-15T21:06:00.000000000Z,0.86620,3
2018-04-15T21:07:00.000000000Z,0.86610,2
2018-04-15T21:08:00.000000000Z,0.86614,1
2018-04-15T21:09:00.000000000Z,0.86610,1
2018-04-15T21:10:00.000000000Z,0.86614,1
2018-04-15T21:11:00.000000000Z,0.86610,1
2018-04-15T21:12:00.000000000Z,0.86611,10
2018-04-15T21:14:00.000000000Z,0.86583,6
2018-04-15T21:15:00.000000000Z,0.86566,11
2018-04-15T21:16:00.000000000Z,0.86578,3
2018-04-15T21:17:00.000000000Z,0.86603,16
2018-04-15T21:18:00.000000000Z,0.86574,8
2018-04-15T21:19:00.000000000Z,0.86582,2
2018-04-15T21:20:00.000000000Z,0.86591,2
2018-04-15T21:21:00.000000000Z,0.86587,1
2018-04-15T21:22:00.000000000Z,0.86582,1
2018-04-15T21:24:00.000000000Z,0.86587,1
2018-04-15T21:25:00.000000000Z,0.86578,6
2018-04-15T21:26:00.000000000Z,0.86584,3
2018-04-15T21:27:00.000000000Z,0.86582,2
2018-04-15T21:28:00.000000000Z,0.86570,3
2018-04-15T21:29:00.000000000Z,0.86560,6
2018-04-15T21:30:00.000000000Z,0.86561,6
2018-04-15T21:31:00.000000000Z,0.86550,4
2018-04-15T21:34:00.000000000Z,0.86570,4
2018-04-15T21:35:00.000000000Z,0.86570,6
2018-04-15T21:36:00.000000000Z,0.86592,7
2018-04-15T21:37:00.000000000Z,0.86596,1
2018-04-15T21:38:00.000000000Z,0.86580,8
2018-04-15T21:40:00.000000000Z,0.86584,1
2018-04-15T21:42:00.000000000Z,0.86595,6
2018-04-15T21:43:00.000000000Z,0.86587,2
2018-04-15T21:46:00.000000000Z,0.86596,2
2018-04-15T21:47:00.000000000Z,0.86604,2
2018-04-15T21:48:00.000000000Z,0.86599,3
2018-04-15T21:49:00.000000000Z,0.86603,1
2018-04-15T21:51:00.000000000Z,0.86594,6
2018-04-15T21:52:00.000000000Z,0.86594,2
2018-04-15T21:59:00.000000000Z,0.86574,11
2018-04-15T22:00:00.000000000Z,0.86596,15
2018-04-15T22:01:00.000000000Z,0.86600,13
2018-04-15T22:02:00.000000000Z,0.86604,7
2018-04-15T22:03:00.000000000Z,0.86608,7
2018-04-15T22:04:00.000000000Z,0.86602,12
2018-04-15T22:05:00.000000000Z,0.86598,9
2018-04-15T22:06:00.000000000Z,0.86598,2
2018-04-15T22:07:00.000000000Z,0.86602,7
2018-04-15T22:08:00.000000000Z,0.86598,5
2018-04-15T22:09:00.000000000Z,0.86600,3
2018-04-15T22:11:00.000000000Z,0.86604,15
2018-04-15T22:12:00.000000000Z,0.86592,8
2018-04-15T22:13:00.000000000Z,0.86590,11
2018-04-15T22:14:00.000000000Z,0.86594,7
2018-04-15T22:15:00.000000000Z,0.86596,3
2018-04-15T22:16:00.000000000Z,0.86594,3
2018-04-15T22:18:00.000000000Z,0.86594,2
2018-04-15T22:19:00.000000000Z,0.86590,3
2018-04-15T22:20:00.000000000Z,0.86584,4
2018-04-15T22:21:00.000000000Z,0.86588,3
2018-04-15T22:22:00.000000000Z,0.86586,3
2018-04-15T22:23:00.000000000Z,0.86586,8
2018-04-15T22:24:00.000000000Z,0.86586,6
2018-04-15T22:25:00.000000000Z,0.86587,2
2018-04-15T22:26:00.000000000Z,0.86589,1
2018-04-15T22:28:00.000000000Z,0.86590,8
2018-04-15T22:29:00.000000000Z,0.86594,4
2018-04-15T22:30:00.000000000Z,0.86590,2
2018-04-15T22:32:00.000000000Z,0.86587,1
2018-04-15T22:33:00.000000000Z,0.86582,4
2018-04-15T22:34:00.000000000Z,0.86582,2
2018-04-15T22:35:00.000000000Z,0.86579,1
2018-04-15T22:36:00.000000000Z,0.86579,2
2018-04-15T22:38:00.000000000Z,0.86592,5
2018-04-15T22:39:00.000000000Z,0.86594,1
2018-04-15T22:41:00.000000000Z,0.86590,2
2018-04-15T22:43:00.000000000Z,0.86587,9
2018-04-15T22:45:00.000000000Z,0.86590,9
2018-04-15T22:46:00.000000000Z,0.86592,1
2018-04-15T22:48:00.000000000Z,0.86599,5
2018-04-15T22:49:00.000000000Z,0.86597,3
2018-04-15T22:50:00.000000000Z,0.86594,1
2018-04-15T22:51:00.000000000Z,0.86599,4
2018-04-15T22:54:00.000000000Z,0.86594,2
2018-04-15T22:56:00.000000000Z,0.86594,2
2018-04-15T22:59:00.000000000Z,0.86590,2
2018-04-15T23:00:00.000000000Z,0.86592,9
2018-04-15T23:01:00.000000000Z,0.86596,4
2018-04-15T23:02:00.000000000Z,0.86594,3
2018-04-15T23:03:00.000000000Z,0.86590,4
2018-04-15T23:04:00.000000000Z,0.86590,2
2018-04-15T23:05:00.000000000Z,0.86588,5
2018-04-15T23:06:00.000000000Z,0.86594,5
2018-04-15T23:07:00.000000000Z,0.86594,2
2018-04-15T23:08:00.000000000Z,0.86584,4
2018-04-15T23:09:00.000000000Z,0.86588,2
2018-04-15T23:10:00.000000000Z,0.86586,1
2018-04-15T23:11:00.000000000Z,0.86584,1
2018-04-15T23:12:00.000000000Z,0.86586,1
2018-04-15T23:13:00.000000000Z,0.86590,2
2018-04-15T23:14:00.000000000Z,0.86586,2
2018-04-15T23:15:00.000000000Z,0.86584,1
2018-04-15T23:17:00.000000000Z,0.86586,1
2018-04-15T23:18:00.000000000Z,0.86590,2
2018-04-15T23:19:00.000000000Z,0.86586,2
2018-04-15T23:20:00.000000000Z,0.86588,1
2018-04-15T23:21:00.000000000Z,0.86590,1
2018-04-15T23:22:00.000000000Z,0.86582,3
2018-04-15T23:23:00.000000000Z,0.86582,2
2018-04-15T23:24:00.000000000Z,0.86585,3
2018-04-15T23:26:00.000000000Z,0.86585,4
2018-04-15T23:27:00.000000000Z,0.86582,3
2018-04-15T23:29:00.000000000Z,0.86588,4
2018-04-15T23:30:00.000000000Z,0.86586,3
2018-04-15T23:31:00.000000000Z,0.86584,1
2018-04-15T23:34:00.000000000Z,0.86591,5
2018-04-15T23:35:00.000000000Z,0.86591,2
2018-04-15T23:36:00.000000000Z,0.86588,14
2018-04-15T23:37:00.000000000Z,0.86588,2
2018-04-15T23:39:00.000000000Z,0.86586,3
2018-04-15T23:40:00.000000000Z,0.86583,5
2018-04-15T23:42:00.000000000Z,0.86581,1
2018-04-15T23:43:00.000000000Z,0.86574,9
2018-04-15T23:45:00.000000000Z,0.86578,2
2018-04-15T23:46:00.000000000Z,0.86576,1
2018-04-15T23:51:00.000000000Z,0.86574,1
2018-04-15T23:52:00.000000000Z,0.86578,2
2018-04-15T23:53:00.000000000Z,0.86573,2
2018-04-15T23:54:00.000000000Z,0.86571,1
2018-04-15T23:56:00.000000000Z,0.86568,7
2018-04-15T23:57:00.000000000Z,0.86564,2
2018-04-15T23:58:00.000000000Z,0.86562,3
2018-04-15T23:59:00.000000000Z,0.86562,2
2018-04-16T00:00:00.000000000Z,0.86569,11
2018-04-16T00:01:00.000000000Z,0.86571,1
2018-04-16T00:02:00.000000000Z,0.86568,3
2018-04-16T00:03:00.000000000Z,0.86570,5
2018-04-16T00:04:00.000000000Z,0.86562,3
2018-04-16T00:05:00.000000000Z,0.86561,5
2018-04-16T00:06:00.000000000Z,0.86568,5
2018-04-16T00:07:00.000000000Z,0.86574,2
2018-04-16T00:08:00.000000000Z,0.86574,4
2018-04-16T00:09:00.000000000Z,0.86578,2
2018-04-16T00:10:00.000000000Z,0.86578,8
2018-04-16T00:11:00.000000000Z,0.86571,3
2018-04-16T00:12:00.000000000Z,0.86574,3
2018-04-16T00:13:00.000000000Z,0.86571,1
2018-04-16T00:14:00.000000000Z,0.86573,3
2018-04-16T00:15:00.000000000Z,0.86571,5
2018-04-16T00:16:00.000000000Z,0.86571,4
2018-04-16T00:17:00.000000000Z,0.86569,3
2018-04-16T00:18:00.000000000Z,0.86568,4
2018-04-16T00:19:00.000000000Z,0.86573,2
2018-04-16T00:20:00.000000000Z,0.86571,1
2018-04-16T00:22:00.000000000Z,0.86576,2
2018-04-16T00:23:00.000000000Z,0.86580,2
2018-04-16T00:24:00.000000000Z,0.86582,1
2018-04-16T00:25:00.000000000Z,0.86585,3
2018-04-16T00:26:00.000000000Z,0.86583,3
2018-04-16T00:27:00.000000000Z,0.86581,1
2018-04-16T00:29:00.000000000Z,0.86576,2
2018-04-16T00:32:00.000000000Z,0.86582,4
2018-04-16T00:33:00.000000000Z,0.86582,2
2018-04-16T00:36:00.000000000Z,0.86580,3
2018-04-16T00:37:00.000000000Z,0.86580,2
2018-04-16T00:39:00.000000000Z,0.86582,1
2018-04-16T00:40:00.000000000Z,0.86580,1
2018-04-16T00:41:00.000000000Z,0.86576,4
2018-04-16T00:42:00.000000000Z,0.86575,8
2018-04-16T00:43:00.000000000Z,0.86575,2
2018-04-16T00:45:00.000000000Z,0.86568,9
2018-04-16T00:46:00.000000000Z,0.86561,5
2018-04-16T00:47:00.000000000Z,0.86556,2
2018-04-16T00:48:00.000000000Z,0.86552,4
2018-04-16T00:50:00.000000000Z,0.86556,2
2018-04-16T00:51:00.000000000Z,0.86551,6
2018-04-16T00:52:00.000000000Z,0.86544,3
2018-04-16T00:53:00.000000000Z,0.86542,5
2018-04-16T00:54:00.000000000Z,0.86528,37
2018-04-16T00:55:00.000000000Z,0.86522,37
2018-04-16T00:56:00.000000000Z,0.86520,25
2018-04-16T00:57:00.000000000Z,0.86520,8
2018-04-16T00:58:00.000000000Z,0.86520,4
2018-04-16T00:59:00.000000000Z,0.86520,6
2018-04-16T01:00:00.000000000Z,0.86518,7
2018-04-16T01:01:00.000000000Z,0.86516,1
2018-04-16T01:02:00.000000000Z,0.86518,3
2018-04-16T01:03:00.000000000Z,0.86518,10
2018-04-16T01:04:00.000000000Z,0.86518,2
2018-04-16T01:05:00.000000000Z,0.86520,1
2018-04-16T01:07:00.000000000Z,0.86516,2
2018-04-16T01:08:00.000000000Z,0.86516,4
2018-04-16T01:09:00.000000000Z,0.86521,2
2018-04-16T01:10:00.000000000Z,0.86522,2
2018-04-16T01:11:00.000000000Z,0.86524,3
2018-04-16T01:12:00.000000000Z,0.86526,1
2018-04-16T01:13:00.000000000Z,0.86520,4
2018-04-16T01:14:00.000000000Z,0.86521,4
2018-04-16T01:15:00.000000000Z,0.86534,7
2018-04-16T01:16:00.000000000Z,0.86527,5
2018-04-16T01:17:00.000000000Z,0.86532,2
2018-04-16T01:19:00.000000000Z,0.86524,6
2018-04-16T01:20:00.000000000Z,0.86531,5
2018-04-16T01:23:00.000000000Z,0.86531,2
2018-04-16T01:24:00.000000000Z,0.86534,4
2018-04-16T01:25:00.000000000Z,0.86538,7
2018-04-16T01:26:00.000000000Z,0.86544,3
2018-04-16T01:28:00.000000000Z,0.86544,2
2018-04-16T01:29:00.000000000Z,0.86534,6
2018-04-16T01:30:00.000000000Z,0.86542,3
2018-04-16T01:31:00.000000000Z,0.86548,3
2018-04-16T01:32:00.000000000Z,0.86549,2
2018-04-16T01:33:00.000000000Z,0.86547,3
2018-04-16T01:35:00.000000000Z,0.86552,4
2018-04-16T01:36:00.000000000Z,0.86552,6
2018-04-16T01:37:00.000000000Z,0.86544,5
2018-04-16T01:38:00.000000000Z,0.86542,5
2018-04-16T01:39:00.000000000Z,0.86542,6
2018-04-16T01:40:00.000000000Z,0.86546,6
2018-04-16T01:41:00.000000000Z,0.86538,4
2018-04-16T01:42:00.000000000Z,0.86535,1
2018-04-16T01:43:00.000000000Z,0.86538,1
2018-04-16T01:44:00.000000000Z,0.86536,1
2018-04-16T01:45:00.000000000Z,0.86534,9
2018-04-16T01:46:00.000000000Z,0.86536,1
2018-04-16T01:47:00.000000000Z,0.86544,7
2018-04-16T01:48:00.000000000Z,0.86546,1
2018-04-16T01:49:00.000000000Z,0.86537,4
2018-04-16T01:50:00.000000000Z,0.86536,2
2018-04-16T01:51:00.000000000Z,0.86531,4
2018-04-16T01:52:00.000000000Z,0.86528,5
2018-04-16T01:54:00.000000000Z,0.86531,3
2018-04-16T01:55:00.000000000Z,0.86538,3
2018-04-16T01:56:00.000000000Z,0.86540,1
2018-04-16T01:57:00.000000000Z,0.86541,3
2018-04-16T01:58:00.000000000Z,0.86544,1
2018-04-16T01:59:00.000000000Z,0.86546,1
2018-04-16T02:00:00.000000000Z,0.86543,3
2018-04-16T02:01:00.000000000Z,0.86542,2
2018-04-16T02:02:00.000000000Z,0.86540,3
2018-04-16T02:03:00.000000000Z,0.86540,2
2018-04-16T02:04:00.000000000Z,0.86544,6
2018-04-16T02:06:00.000000000Z,0.86556,7
2018-04-16T02:07:00.000000000Z,0.86554,1
2018-04-16T02:08:00.000000000Z,0.86548,4
2018-04-16T02:09:00.000000000Z,0.86550,5
2018-04-16T02:11:00.000000000Z,0.86548,5
2018-04-16T02:12:00.000000000Z,0.86550,5
2018-04-16T02:13:00.000000000Z,0.86552,1
2018-04-16T02:14:00.000000000Z,0.86552,6
2018-04-16T02:15:00.000000000Z,0.86550,1
2018-04-16T02:16:00.000000000Z,0.86544,4
2018-04-16T02:17:00.000000000Z,0.86546,5
2018-04-16T02:18:00.000000000Z,0.86544,1
2018-04-16T02:19:00.000000000Z,0.86534,4
2018-04-16T02:20:00.000000000Z,0.86536,3
2018-04-16T02:21:00.000000000Z,0.86532,2
2018-04-16T02:22:00.000000000Z,0.86539,7
2018-04-16T02:23:00.000000000Z,0.86538,2
2018-04-16T02:24:00.000000000Z,0.86534,4
2018-04-16T02:25:00.000000000Z,0.86532,1
2018-04-16T02:27:00.000000000Z,0.86528,3
2018-04-16T02:28:00.000000000Z,0.86528,2
2018-04-16T02:30:00.000000000Z,0.86531,1
2018-04-16T02:31:00.000000000Z,0.86528,1
2018-04-16T02:32:00.000000000Z,0.86526,1
2018-04-16T02:33:00.000000000Z,0.86529,1
2018-04-16T02:34:00.000000000Z,0.86529,2
2018-04-16T02:35:00.000000000Z,0.86532,3
2018-04-16T02:36:00.000000000Z,0.86532,4
2018-04-16T02:37:00.000000000Z,0.86532,2
2018-04-16T02:38:00.000000000Z,0.86534,5
2018-04-16T02:39:00.000000000Z,0.86532,1
2018-04-16T02:40:00.000000000Z,0.86530,3
2018-04-16T02:41:00.000000000Z,0.86528,1
2018-04-16T02:42:00.000000000Z,0.86528,4
2018-04-16T02:44:00.000000000Z,0.86530,3
2018-04-16T02:45:00.000000000Z,0.86533,3
2018-04-16T02:47:00.000000000Z,0.86542,4
2018-04-16T02:48:00.000000000Z,0.86542,2
2018-04-16T02:49:00.000000000Z,0.86537,2
2018-04-16T02:51:00.000000000Z,0.86534,1
2018-04-16T02:53:00.000000000Z,0.86536,12
2018-04-16T02:54:00.000000000Z,0.86536,2
2018-04-16T02:56:00.000000000Z,0.86538,1
2018-04-16T02:57:00.000000000Z,0.86535,3
2018-04-16T02:58:00.000000000Z,0.86527,4
2018-04-16T02:59:00.000000000Z,0.86527,4
2018-04-16T03:01:00.000000000Z,0.86530,3
2018-04-16T03:02:00.000000000Z,0.86532,1
2018-04-16T03:03:00.000000000Z,0.86524,8
2018-04-16T03:05:00.000000000Z,0.86528,2
2018-04-16T03:06:00.000000000Z,0.86526,1
2018-04-16T03:07:00.000000000Z,0.86517,4
2018-04-16T03:08:00.000000000Z,0.86517,2
2018-04-16T03:09:00.000000000Z,0.86514,1
2018-04-16T03:10:00.000000000Z,0.86516,3
2018-04-16T03:11:00.000000000Z,0.86514,1
2018-04-16T03:14:00.000000000Z,0.86516,3
2018-04-16T03:15:00.000000000Z,0.86514,1
2018-04-16T03:16:00.000000000Z,0.86518,4
2018-04-16T03:17:00.000000000Z,0.86516,1
2018-04-16T03:18:00.000000000Z,0.86513,1
2018-04-16T03:19:00.000000000Z,0.86508,2
2018-04-16T03:20:00.000000000Z,0.86508,4
2018-04-16T03:21:00.000000000Z,0.86510,1
2018-04-16T03:22:00.000000000Z,0.86502,9
2018-04-16T03:23:00.000000000Z,0.86502,2
2018-04-16T03:24:00.000000000Z,0.86500,3
2018-04-16T03:25:00.000000000Z,0.86496,4
2018-04-16T03:26:00.000000000Z,0.86496,8
2018-04-16T03:27:00.000000000Z,0.86499,1
2018-04-16T03:28:00.000000000Z,0.86501,1
2018-04-16T03:29:00.000000000Z,0.86496,2
2018-04-16T03:30:00.000000000Z,0.86500,2
2018-04-16T03:31:00.000000000Z,0.86502,1
2018-04-16T03:32:00.000000000Z,0.86503,2
2018-04-16T03:37:00.000000000Z,0.86498,2
2018-04-16T03:38:00.000000000Z,0.86501,1
2018-04-16T03:39:00.000000000Z,0.86502,2
2018-04-16T03:40:00.000000000Z,0.86506,2
2018-04-16T03:42:00.000000000Z,0.86504,1
2018-04-16T03:44:00.000000000Z,0.86504,2
2018-04-16T03:46:00.000000000Z,0.86502,1
2018-04-16T03:52:00.000000000Z,0.86500,1
2018-04-16T03:55:00.000000000Z,0.86502,1
2018-04-16T03:58:00.000000000Z,0.86506,2
2018-04-16T03:59:00.000000000Z,0.86504,1
2018-04-16T04:00:00.000000000Z,0.86506,1
2018-04-16T04:03:00.000000000Z,0.86512,5
2018-04-16T04:05:00.000000000Z,0.86512,5
2018-04-16T04:07:00.000000000Z,0.86511,4
2018-04-16T04:09:00.000000000Z,0.86516,2
2018-04-16T04:10:00.000000000Z,0.86516,4
2018-04-16T04:13:00.000000000Z,0.86514,3
2018-04-16T04:14:00.000000000Z,0.86512,5
2018-04-16T04:15:00.000000000Z,0.86514,1
2018-04-16T04:17:00.000000000Z,0.86510,2
2018-04-16T04:18:00.000000000Z,0.86514,2
2018-04-16T04:20:00.000000000Z,0.86512,1
2018-04-16T04:21:00.000000000Z,0.86507,2
2018-04-16T04:22:00.000000000Z,0.86505,1
2018-04-16T04:23:00.000000000Z,0.86502,1
2018-04-16T04:24:00.000000000Z,0.86504,1
2018-04-16T04:25:00.000000000Z,0.86502,1
2018-04-16T04:28:00.000000000Z,0.86500,1
2018-04-16T04:29:00.000000000Z,0.86502,1
2018-04-16T04:30:00.000000000Z,0.86500,1
2018-04-16T04:31:00.000000000Z,0.86502,1
2018-04-16T04:32:00.000000000Z,0.86507,2
2018-04-16T04:33:00.000000000Z,0.86503,4
2018-04-16T04:35:00.000000000Z,0.86500,1
2018-04-16T04:36:00.000000000Z,0.86502,5
2018-04-16T04:38:00.000000000Z,0.86504,1
2018-04-16T04:40:00.000000000Z,0.86500,4
2018-04-16T04:41:00.000000000Z,0.86498,1
2018-04-16T04:42:00.000000000Z,0.86502,4
2018-04-16T04:44:00.000000000Z,0.86504,1
2018-04-16T04:49:00.000000000Z,0.86502,1
2018-04-16T04:53:00.000000000Z,0.86505,1
2018-04-16T04:57:00.000000000Z,0.86500,2
2018-04-16T04:58:00.000000000Z,0.86500,2
2018-04-16T05:00:00.000000000Z,0.86500,2
2018-04-16T05:01:00.000000000Z,0.86500,4
2018-04-16T05:02:00.000000000Z,0.86498,3
2018-04-16T05:04:00.000000000Z,0.86490,6
2018-04-16T05:05:00.000000000Z,0.86500,5
2018-04-16T05:06:00.000000000Z,0.86507,5
2018-04-16T05:07:00.000000000Z,0.86502,4
2018-04-16T05:08:00.000000000Z,0.86504,1
2018-04-16T05:11:00.000000000Z,0.86509,2
2018-04-16T05:12:00.000000000Z,0.86512,3
2018-04-16T05:15:00.000000000Z,0.86514,1
2018-04-16T05:17:00.000000000Z,0.86516,7
2018-04-16T05:20:00.000000000Z,0.86516,4
2018-04-16T05:21:00.000000000Z,0.86518,1
2018-04-16T05:22:00.000000000Z,0.86520,4
2018-04-16T05:23:00.000000000Z,0.86517,5
2018-04-16T05:24:00.000000000Z,0.86518,3
2018-04-16T05:25:00.000000000Z,0.86512,3
2018-04-16T05:27:00.000000000Z,0.86515,5
2018-04-16T05:28:00.000000000Z,0.86517,1
2018-04-16T05:30:00.000000000Z,0.86510,3
2018-04-16T05:31:00.000000000Z,0.86518,5
2018-04-16T05:32:00.000000000Z,0.86522,4
2018-04-16T05:33:00.000000000Z,0.86531,4
2018-04-16T05:34:00.000000000Z,0.86531,4
2018-04-16T05:35:00.000000000Z,0.86536,2
2018-04-16T05:36:00.000000000Z,0.86534,1
2018-04-16T05:38:00.000000000Z,0.86538,6
2018-04-16T05:39:00.000000000Z,0.86538,4
2018-04-16T05:40:00.000000000Z,0.86532,3
2018-04-16T05:42:00.000000000Z,0.86530,1
2018-04-16T05:43:00.000000000Z,0.86532,1
2018-04-16T05:44:00.000000000Z,0.86552,11
2018-04-16T05:45:00.000000000Z,0.86551,7
2018-04-16T05:46:00.000000000Z,0.86556,4
2018-04-16T05:47:00.000000000Z,0.86550,4
2018-04-16T05:50:00.000000000Z,0.86546,2
2018-04-16T05:52:00.000000000Z,0.86544,1
2018-04-16T05:53:00.000000000Z,0.86536,3
2018-04-16T05:54:00.000000000Z,0.86536,8
2018-04-16T05:55:00.000000000Z,0.86534,7
2018-04-16T05:56:00.000000000Z,0.86538,4
2018-04-16T05:57:00.000000000Z,0.86536,5
2018-04-16T05:58:00.000000000Z,0.86541,2
2018-04-16T05:59:00.000000000Z,0.86548,3
2018-04-16T06:00:00.000000000Z,0.86540,9
2018-04-16T06:01:00.000000000Z,0.86544,8
2018-04-16T06:02:00.000000000Z,0.86537,15
2018-04-16T06:03:00.000000000Z,0.86534,17
2018-04-16T06:04:00.000000000Z,0.86528,15
2018-04-16T06:05:00.000000000Z,0.86529,10
2018-04-16T06:06:00.000000000Z,0.86529,8
2018-04-16T06:07:00.000000000Z,0.86531,1
2018-04-16T06:08:00.000000000Z,0.86529,21
2018-04-16T06:09:00.000000000Z,0.86530,14
2018-04-16T06:10:00.000000000Z,0.86532,3
2018-04-16T06:11:00.000000000Z,0.86534,7
2018-04-16T06:12:00.000000000Z,0.86526,9
2018-04-16T06:13:00.000000000Z,0.86520,7
2018-04-16T06:14:00.000000000Z,0.86518,11
2018-04-16T06:15:00.000000000Z,0.86512,8
2018-04-16T06:16:00.000000000Z,0.86506,7
2018-04-16T06:17:00.000000000Z,0.86508,5
2018-04-16T06:18:00.000000000Z,0.86508,2
2018-04-16T06:19:00.000000000Z,0.86508,2
2018-04-16T06:20:00.000000000Z,0.86504,8
2018-04-16T06:21:00.000000000Z,0.86480,21
2018-04-16T06:22:00.000000000Z,0.86466,19
2018-04-16T06:23:00.000000000Z,0.86470,4
2018-04-16T06:24:00.000000000Z,0.86446,30
2018-04-16T06:25:00.000000000Z,0.86448,11
2018-04-16T06:26:00.000000000Z,0.86451,24
2018-04-16T06:27:00.000000000Z,0.86464,12
2018-04-16T06:28:00.000000000Z,0.86474,14
2018-04-16T06:29:00.000000000Z,0.86476,7
2018-04-16T06:30:00.000000000Z,0.86484,15
2018-04-16T06:31:00.000000000Z,0.86481,9
2018-04-16T06:32:00.000000000Z,0.86475,11
2018-04-16T06:33:00.000000000Z,0.86480,4
2018-04-16T06:34:00.000000000Z,0.86484,4
2018-04-16T06:35:00.000000000Z,0.86485,10
2018-04-16T06:36:00.000000000Z,0.86490,8
2018-04-16T06:37:00.000000000Z,0.86486,2
2018-04-16T06:38:00.000000000Z,0.86484,9
2018-04-16T06:39:00.000000000Z,0.86488,20
2018-04-16T06:40:00.000000000Z,0.86498,16
2018-04-16T06:41:00.000000000Z,0.86510,9
2018-04-16T06:42:00.000000000Z,0.86519,20
2018-04-16T06:43:00.000000000Z,0.86529,8
2018-04-16T06:45:00.000000000Z,0.86549,17
2018-04-16T06:46:00.000000000Z,0.86556,32
2018-04-16T06:47:00.000000000Z,0.86558,13
2018-04-16T06:48:00.000000000Z,0.86561,9
2018-04-16T06:49:00.000000000Z,0.86554,9
2018-04-16T06:50:00.000000000Z,0.86572,13
2018-04-16T06:51:00.000000000Z,0.86581,15
2018-04-16T06:52:00.000000000Z,0.86564,13
2018-04-16T06:53:00.000000000Z,0.86564,17
2018-04-16T06:54:00.000000000Z,0.86580,19
2018-04-16T06:55:00.000000000Z,0.86582,21
2018-04-16T06:56:00.000000000Z,0.86592,29
2018-04-16T06:57:00.000000000Z,0.86564,37
2018-04-16T06:58:00.000000000Z,0.86560,34
2018-04-16T06:59:00.000000000Z,0.86562,18
2018-04-16T07:00:00.000000000Z,0.86558,41
2018-04-16T07:01:00.000000000Z,0.86557,34
2018-04-16T07:02:00.000000000Z,0.86562,20
2018-04-16T07:03:00.000000000Z,0.86552,14
2018-04-16T07:04:00.000000000Z,0.86557,16
2018-04-16T07:05:00.000000000Z,0.86535,17
2018-04-16T07:06:00.000000000Z,0.86536,27
2018-04-16T07:07:00.000000000Z,0.86531,29
2018-04-16T07:08:00.000000000Z,0.86524,19
2018-04-16T07:09:00.000000000Z,0.86516,16
2018-04-16T07:10:00.000000000Z,0.86521,20
2018-04-16T07:11:00.000000000Z,0.86536,8
2018-04-16T07:12:00.000000000Z,0.86556,35
2018-04-16T07:13:00.000000000Z,0.86554,24
2018-04-16T07:14:00.000000000Z,0.86558,11
2018-04-16T07:15:00.000000000Z,0.86566,16
2018-04-16T07:16:00.000000000Z,0.86590,34
2018-04-16T07:17:00.000000000Z,0.86596,16
2018-04-16T07:18:00.000000000Z,0.86593,20
2018-04-16T07:19:00.000000000Z,0.86584,8
2018-04-16T07:20:00.000000000Z,0.86578,27
2018-04-16T07:21:00.000000000Z,0.86578,14
2018-04-16T07:22:00.000000000Z,0.86571,15
2018-04-16T07:23:00.000000000Z,0.86570,21
2018-04-16T07:24:00.000000000Z,0.86568,12
2018-04-16T07:25:00.000000000Z,0.86568,23
2018-04-16T07:26:00.000000000Z,0.86570,15
2018-04-16T07:27:00.000000000Z,0.86571,9
2018-04-16T07:28:00.000000000Z,0.86590,24
2018-04-16T07:29:00.000000000Z,0.86583,17
2018-04-16T07:30:00.000000000Z,0.86583,10
2018-04-16T07:31:00.000000000Z,0.86594,7
2018-04-16T07:32:00.000000000Z,0.86584,12
2018-04-16T07:33:00.000000000Z,0.86574,12
2018-04-16T07:34:00.000000000Z,0.86576,9
2018-04-16T07:35:00.000000000Z,0.86584,11
2018-04-16T07:36:00.000000000Z,0.86575,15
2018-04-16T07:37:00.000000000Z,0.86579,12
2018-04-16T07:38:00.000000000Z,0.86590,13
2018-04-16T07:39:00.000000000Z,0.86582,13
2018-04-16T07:40:00.000000000Z,0.86590,25
2018-04-16T07:41:00.000000000Z,0.86580,14
2018-04-16T07:42:00.000000000Z,0.86580,4
2018-04-16T07:43:00.000000000Z,0.86569,9
2018-04-16T07:44:00.000000000Z,0.86586,13
2018-04-16T07:45:00.000000000Z,0.86595,12
2018-04-16T07:46:00.000000000Z,0.86593,5
2018-04-16T07:47:00.000000000Z,0.86598,8
2018-04-16T07:48:00.000000000Z,0.86606,11
2018-04-16T07:49:00.000000000Z,0.86610,24
2018-04-16T07:50:00.000000000Z,0.86620,15
2018-04-16T07:51:00.000000000Z,0.86633,7
2018-04-16T07:52:00.000000000Z,0.86642,15
2018-04-16T07:53:00.000000000Z,0.86660,76
2018-04-16T07:54:00.000000000Z,0.86663,39
2018-04-16T07:55:00.000000000Z,0.86656,19
2018-04-16T07:56:00.000000000Z,0.86664,43
2018-04-16T07:57:00.000000000Z,0.86656,31
2018-04-16T07:58:00.000000000Z,0.86644,20
2018-04-16T07:59:00.000000000Z,0.86663,19
2018-04-16T08:00:00.000000000Z,0.86652,12
2018-04-16T08:01:00.000000000Z,0.86660,27
2018-04-16T08:02:00.000000000Z,0.86636,18
2018-04-16T08:03:00.000000000Z,0.86637,34
2018-04-16T08:04:00.000000000Z,0.86619,23
2018-04-16T08:05:00.000000000Z,0.86625,28
2018-04-16T08:06:00.000000000Z,0.86634,17
2018-04-16T08:07:00.000000000Z,0.86641,7
2018-04-16T08:08:00.000000000Z,0.86648,25
2018-04-16T08:09:00.000000000Z,0.86650,9
2018-04-16T08:10:00.000000000Z,0.86674,12
2018-04-16T08:11:00.000000000Z,0.86685,28
2018-04-16T08:12:00.000000000Z,0.86678,13
2018-04-16T08:13:00.000000000Z,0.86686,13
2018-04-16T08:14:00.000000000Z,0.86686,10
2018-04-16T08:15:00.000000000Z,0.86662,24
2018-04-16T08:16:00.000000000Z,0.86639,25
2018-04-16T08:17:00.000000000Z,0.86635,12
2018-04-16T08:18:00.000000000Z,0.86650,19
2018-04-16T08:19:00.000000000Z,0.86610,34
2018-04-16T08:20:00.000000000Z,0.86606,21
2018-04-16T08:21:00.000000000Z,0.86618,25
2018-04-16T08:22:00.000000000Z,0.86602,12
2018-04-16T08:23:00.000000000Z,0.86588,18
2018-04-16T08:24:00.000000000Z,0.86591,17
2018-04-16T08:25:00.000000000Z,0.86595,7
2018-04-16T08:26:00.000000000Z,0.86596,20
2018-04-16T08:27:00.000000000Z,0.86584,59
2018-04-16T08:28:00.000000000Z,0.86580,22
2018-04-16T08:29:00.000000000Z,0.86582,13
2018-04-16T08:30:00.000000000Z,0.86572,21
2018-04-16T08:31:00.000000000Z,0.86572,20
2018-04-16T08:32:00.000000000Z,0.86573,5
2018-04-16T08:33:00.000000000Z,0.86587,32
2018-04-16T08:34:00.000000000Z,0.86590,24
2018-04-16T08:35:00.000000000Z,0.86586,26
2018-04-16T08:36:00.000000000Z,0.86596,16
2018-04-16T08:37:00.000000000Z,0.86602,44
2018-04-16T08:38:00.000000000Z,0.86591,24
2018-04-16T08:39:00.000000000Z,0.86596,19
2018-04-16T08:40:00.000000000Z,0.86594,23
2018-04-16T08:41:00.000000000Z,0.86586,12
2018-04-16T08:42:00.000000000Z,0.86588,25
2018-04-16T08:43:00.000000000Z,0.86620,41
2018-04-16T08:44:00.000000000Z,0.86624,12
2018-04-16T08:45:00.000000000Z,0.86618,15
2018-04-16T08:46:00.000000000Z,0.86644,25
2018-04-16T08:47:00.000000000Z,0.86629,34
2018-04-16T08:48:00.000000000Z,0.86633,8
2018-04-16T08:49:00.000000000Z,0.86629,20
2018-04-16T08:50:00.000000000Z,0.86638,14
2018-04-16T08:51:00.000000000Z,0.86634,4
2018-04-16T08:52:00.000000000Z,0.86634,12
2018-04-16T08:53:00.000000000Z,0.86641,10
2018-04-16T08:54:00.000000000Z,0.86638,11
2018-04-16T08:55:00.000000000Z,0.86632,15
2018-04-16T08:56:00.000000000Z,0.86636,21
2018-04-16T08:57:00.000000000Z,0.86638,14
2018-04-16T08:58:00.000000000Z,0.86632,25
2018-04-16T08:59:00.000000000Z,0.86641,25
2018-04-16T09:00:00.000000000Z,0.86638,23
2018-04-16T09:01:00.000000000Z,0.86638,18
2018-04-16T09:02:00.000000000Z,0.86634,16
2018-04-16T09:03:00.000000000Z,0.86622,11
2018-04-16T09:04:00.000000000Z,0.86624,5
2018-04-16T09:05:00.000000000Z,0.86622,7
2018-04-16T09:06:00.000000000Z,0.86612,12
2018-04-16T09:07:00.000000000Z,0.86610,13
2018-04-16T09:08:00.000000000Z,0.86600,14
2018-04-16T09:09:00.000000000Z,0.86564,34
2018-04-16T09:10:00.000000000Z,0.86566,13
2018-04-16T09:11:00.000000000Z,0.86558,14
2018-04-16T09:12:00.000000000Z,0.86562,10
2018-04-16T09:13:00.000000000Z,0.86558,11
2018-04-16T09:14:00.000000000Z,0.86561,9
2018-04-16T09:15:00.000000000Z,0.86575,6
2018-04-16T09:16:00.000000000Z,0.86566,13
2018-04-16T09:17:00.000000000Z,0.86566,2
2018-04-16T09:18:00.000000000Z,0.86563,7
2018-04-16T09:19:00.000000000Z,0.86566,11
2018-04-16T09:20:00.000000000Z,0.86562,15
2018-04-16T09:21:00.000000000Z,0.86558,5
2018-04-16T09:22:00.000000000Z,0.86551,3
2018-04-16T09:23:00.000000000Z,0.86548,19
2018-04-16T09:24:00.000000000Z,0.86542,6
2018-04-16T09:25:00.000000000Z,0.86546,5
2018-04-16T09:26:00.000000000Z,0.86524,16
2018-04-16T09:27:00.000000000Z,0.86553,30
2018-04-16T09:28:00.000000000Z,0.86552,18
2018-04-16T09:29:00.000000000Z,0.86534,27
