time,GBP_USD_close,GBP_USD_volume
2018-04-13T18:30:00.000000000Z,1.42455,21
2018-04-13T18:31:00.000000000Z,1.42450,9
2018-04-13T18:32:00.000000000Z,1.42444,14
2018-04-13T18:33:00.000000000Z,1.42430,22
2018-04-13T18:34:00.000000000Z,1.42430,3
2018-04-13T18:35:00.000000000Z,1.42434,31
2018-04-13T18:36:00.000000000Z,1.42438,30
2018-04-13T18:37:00.000000000Z,1.42418,21
2018-04-13T18:38:00.000000000Z,1.42420,26
2018-04-13T18:39:00.000000000Z,1.42418,6
2018-04-13T18:40:00.000000000Z,1.42416,15
2018-04-13T18:41:00.000000000Z,1.42417,19
2018-04-13T18:42:00.000000000Z,1.42417,13
2018-04-13T18:43:00.000000000Z,1.42410,3
2018-04-13T18:44:00.000000000Z,1.42422,14
2018-04-13T18:45:00.000000000Z,1.42422,23
2018-04-13T18:46:00.000000000Z,1.42425,13
2018-04-13T18:47:00.000000000Z,1.42426,25
2018-04-13T18:48:00.000000000Z,1.42404,14
2018-04-13T18:49:00.000000000Z,1.42358,129
2018-04-13T18:50:00.000000000Z,1.42358,27
2018-04-13T18:51:00.000000000Z,1.42350,9
2018-04-13T18:52:00.000000000Z,1.42359,41
2018-04-13T18:53:00.000000000Z,1.42358,33
2018-04-13T18:54:00.000000000Z,1.42360,12
2018-04-13T18:55:00.000000000Z,1.42368,46
2018-04-13T18:56:00.000000000Z,1.42372,30
2018-04-13T18:57:00.000000000Z,1.42360,14
2018-04-13T18:58:00.000000000Z,1.42358,8
2018-04-13T18:59:00.000000000Z,1.42364,31
2018-04-13T19:00:00.000000000Z,1.42389,60
2018-04-13T19:01:00.000000000Z,1.42386,38
2018-04-13T19:02:00.000000000Z,1.42390,66
2018-04-13T19:03:00.000000000Z,1.42404,64
2018-04-13T19:04:00.000000000Z,1.42376,45
2018-04-13T19:05:00.000000000Z,1.42370,58
2018-04-13T19:06:00.000000000Z,1.42360,19
2018-04-13T19:07:00.000000000Z,1.42374,18
2018-04-13T19:08:00.000000000Z,1.42384,31
2018-04-13T19:09:00.000000000Z,1.42381,51
2018-04-13T19:10:00.000000000Z,1.42387,20
2018-04-13T19:11:00.000000000Z,1.42383,31
2018-04-13T19:12:00.000000000Z,1.42378,37
2018-04-13T19:13:00.000000000Z,1.42380,4
2018-04-13T19:14:00.000000000Z,1.42386,13
2018-04-13T19:15:00.000000000Z,1.42408,62
2018-04-13T19:16:00.000000000Z,1.42414,67
2018-04-13T19:17:00.000000000Z,1.42412,35
2018-04-13T19:18:00.000000000Z,1.42406,54
2018-04-13T19:19:00.000000000Z,1.42415,91
2018-04-13T19:20:00.000000000Z,1.42410,77
2018-04-13T19:21:00.000000000Z,1.42402,55
2018-04-13T19:22:00.000000000Z,1.42391,31
2018-04-13T19:23:00.000000000Z,1.42392,29
2018-04-13T19:24:00.000000000Z,1.42390,12
2018-04-13T19:25:00.000000000Z,1.42383,38
2018-04-13T19:26:00.000000000Z,1.42388,30
2018-04-13T19:27:00.000000000Z,1.42392,8
2018-04-13T19:28:00.000000000Z,1.42383,21
2018-04-13T19:29:00.000000000Z,1.42394,21
2018-04-13T19:30:00.000000000Z,1.42380,37
2018-04-13T19:31:00.000000000Z,1.42383,38
2018-04-13T19:32:00.000000000Z,1.42382,20
2018-04-13T19:33:00.000000000Z,1.42395,35
2018-04-13T19:34:00.000000000Z,1.42394,32
2018-04-13T19:35:00.000000000Z,1.42395,8
2018-04-13T19:36:00.000000000Z,1.42391,24
2018-04-13T19:39:00.000000000Z,1.42405,3
2018-04-13T19:40:00.000000000Z,1.42414,34
2018-04-13T19:41:00.000000000Z,1.42417,30
2018-04-13T19:42:00.000000000Z,1.42422,22
2018-04-13T19:43:00.000000000Z,1.42422,8
2018-04-13T19:44:00.000000000Z,1.42435,9
2018-04-13T19:45:00.000000000Z,1.42432,8
2018-04-13T19:47:00.000000000Z,1.42438,25
2018-04-13T19:48:00.000000000Z,1.42447,27
2018-04-13T19:49:00.000000000Z,1.42446,26
2018-04-13T19:50:00.000000000Z,1.42438,9
2018-04-13T19:51:00.000000000Z,1.42430,1
2018-04-13T19:52:00.000000000Z,1.42420,28
2018-04-13T19:53:00.000000000Z,1.42410,43
2018-04-13T19:54:00.000000000Z,1.42416,16
2018-04-13T19:55:00.000000000Z,1.42425,36
2018-04-13T19:56:00.000000000Z,1.42421,14
2018-04-13T19:57:00.000000000Z,1.42426,8
2018-04-13T19:58:00.000000000Z,1.42438,48
2018-04-13T19:59:00.000000000Z,1.42444,36
2018-04-13T20:00:00.000000000Z,1.42457,21
2018-04-13T20:01:00.000000000Z,1.42459,8
2018-04-13T20:05:00.000000000Z,1.42444,2
2018-04-13T20:06:00.000000000Z,1.42428,17
2018-04-13T20:07:00.000000000Z,1.42428,9
2018-04-13T20:09:00.000000000Z,1.42428,3
2018-04-13T20:10:00.000000000Z,1.42438,15
2018-04-13T20:11:00.000000000Z,1.42438,4
2018-04-13T20:12:00.000000000Z,1.42432,9
2018-04-13T20:13:00.000000000Z,1.42432,2
2018-04-13T20:14:00.000000000Z,1.42430,8
2018-04-13T20:15:00.000000000Z,1.42424,10
2018-04-13T20:17:00.000000000Z,1.42418,4
2018-04-13T20:22:00.000000000Z,1.42418,8
2018-04-13T20:23:00.000000000Z,1.42417,7
2018-04-13T20:24:00.000000000Z,1.42416,1
2018-04-13T20:25:00.000000000Z,1.42420,7
2018-04-13T20:26:00.000000000Z,1.42418,8
2018-04-13T20:29:00.000000000Z,1.42407,19
2018-04-13T20:30:00.000000000Z,1.42404,47
2018-04-13T20:31:00.000000000Z,1.42408,4
2018-04-13T20:35:00.000000000Z,1.42395,6
2018-04-13T20:36:00.000000000Z,1.42400,25
2018-04-13T20:37:00.000000000Z,1.42406,22
2018-04-13T20:38:00.000000000Z,1.42406,3
2018-04-13T20:39:00.000000000Z,1.42408,3
2018-04-13T20:40:00.000000000Z,1.42422,21
2018-04-13T20:41:00.000000000Z,1.42416,15
2018-04-13T20:42:00.000000000Z,1.42421,23
2018-04-13T20:43:00.000000000Z,1.42457,28
2018-04-13T20:44:00.000000000Z,1.42460,18
2018-04-13T20:45:00.000000000Z,1.42463,49
2018-04-13T20:46:00.000000000Z,1.42446,34
2018-04-13T20:47:00.000000000Z,1.42444,30
2018-04-13T20:48:00.000000000Z,1.42439,14
2018-04-13T20:49:00.000000000Z,1.42434,28
2018-04-13T20:50:00.000000000Z,1.42414,66
2018-04-13T20:51:00.000000000Z,1.42401,224
2018-04-13T20:52:00.000000000Z,1.42408,59
2018-04-13T20:53:00.000000000Z,1.42402,71
2018-04-13T20:54:00.000000000Z,1.42382,164
2018-04-13T20:55:00.000000000Z,1.42404,399
2018-04-13T20:56:00.000000000Z,1.42384,101
2018-04-13T20:57:00.000000000Z,1.42408,94
2018-04-13T20:58:00.000000000Z,1.42402,28
2018-04-13T20:59:00.000000000Z,1.42371,68
2018-04-15T21:00:00.000000000Z,1.42498,2
2018-04-15T21:01:00.000000000Z,1.42467,2
2018-04-15T21:02:00.000000000Z,1.42457,4
2018-04-15T21:03:00.000000000Z,1.42306,36
2018-04-15T21:04:00.000000000Z,1.42344,4
2018-04-15T21:05:00.000000000Z,1.42345,8
2018-04-15T21:06:00.000000000Z,1.42342,6
2018-04-15T21:07:00.000000000Z,1.42310,3
2018-04-15T21:08:00.000000000Z,1.42312,1
2018-04-15T21:10:00.000000000Z,1.42310,2
2018-04-15T21:11:00.000000000Z,1.42310,4
2018-04-15T21:12:00.000000000Z,1.42310,5
2018-04-15T21:13:00.000000000Z,1.42305,5
2018-04-15T21:14:00.000000000Z,1.42440,13
2018-04-15T21:15:00.000000000Z,1.42423,38
2018-04-15T21:16:00.000000000Z,1.42434,15
2018-04-15T21:17:00.000000000Z,1.42423,40
2018-04-15T21:18:00.000000000Z,1.42409,20
2018-04-15T21:19:00.000000000Z,1.42446,6
2018-04-15T21:20:00.000000000Z,1.42446,2
2018-04-15T21:21:00.000000000Z,1.42446,1
2018-04-15T21:22:00.000000000Z,1.42446,1
2018-04-15T21:24:00.000000000Z,1.42444,1
2018-04-15T21:25:00.000000000Z,1.42414,25
2018-04-15T21:26:00.000000000Z,1.42460,5
2018-04-15T21:29:00.000000000Z,1.42462,70
2018-04-15T21:30:00.000000000Z,1.42412,48
2018-04-15T21:31:00.000000000Z,1.42516,138
2018-04-15T21:32:00.000000000Z,1.42463,58
2018-04-15T21:33:00.000000000Z,1.42490,17
2018-04-15T21:34:00.000000000Z,1.42438,33
2018-04-15T21:35:00.000000000Z,1.42467,95
2018-04-15T21:36:00.000000000Z,1.42456,50
2018-04-15T21:37:00.000000000Z,1.42418,17
2018-04-15T21:38:00.000000000Z,1.42414,34
2018-04-15T21:39:00.000000000Z,1.42414,53
2018-04-15T21:40:00.000000000Z,1.42453,148
2018-04-15T21:41:00.000000000Z,1.42454,10
2018-04-15T21:42:00.000000000Z,1.42456,4
2018-04-15T21:43:00.000000000Z,1.42412,6
2018-04-15T21:44:00.000000000Z,1.42411,5
2018-04-15T21:45:00.000000000Z,1.42412,4
2018-04-15T21:46:00.000000000Z,1.42410,23
2018-04-15T21:48:00.000000000Z,1.42408,2
2018-04-15T21:49:00.000000000Z,1.42410,2
2018-04-15T21:50:00.000000000Z,1.42407,4
2018-04-15T21:51:00.000000000Z,1.42407,5
2018-04-15T21:53:00.000000000Z,1.42408,3
2018-04-15T21:54:00.000000000Z,1.42408,6
2018-04-15T21:55:00.000000000Z,1.42405,15
2018-04-15T21:56:00.000000000Z,1.42404,5
2018-04-15T21:57:00.000000000Z,1.42402,10
2018-04-15T21:58:00.000000000Z,1.42438,34
2018-04-15T21:59:00.000000000Z,1.42392,51
2018-04-15T22:00:00.000000000Z,1.42439,200
2018-04-15T22:01:00.000000000Z,1.42399,424
2018-04-15T22:02:00.000000000Z,1.42428,517
2018-04-15T22:03:00.000000000Z,1.42426,1079
2018-04-15T22:04:00.000000000Z,1.42386,204
2018-04-15T22:05:00.000000000Z,1.42410,205
2018-04-15T22:06:00.000000000Z,1.42392,340
2018-04-15T22:07:00.000000000Z,1.42390,75
2018-04-15T22:08:00.000000000Z,1.42388,61
2018-04-15T22:09:00.000000000Z,1.42386,48
2018-04-15T22:10:00.000000000Z,1.42382,19
2018-04-15T22:11:00.000000000Z,1.42386,111
2018-04-15T22:12:00.000000000Z,1.42395,40
2018-04-15T22:13:00.000000000Z,1.42370,36
2018-04-15T22:14:00.000000000Z,1.42382,50
2018-04-15T22:15:00.000000000Z,1.42346,76
2018-04-15T22:16:00.000000000Z,1.42352,33
2018-04-15T22:17:00.000000000Z,1.42356,12
2018-04-15T22:18:00.000000000Z,1.42352,18
2018-04-15T22:19:00.000000000Z,1.42358,33
2018-04-15T22:20:00.000000000Z,1.42361,24
2018-04-15T22:21:00.000000000Z,1.42348,25
2018-04-15T22:22:00.000000000Z,1.42354,17
2018-04-15T22:23:00.000000000Z,1.42354,4
2018-04-15T22:24:00.000000000Z,1.42354,7
2018-04-15T22:25:00.000000000Z,1.42358,18
2018-04-15T22:26:00.000000000Z,1.42352,8
2018-04-15T22:27:00.000000000Z,1.42353,3
2018-04-15T22:28:00.000000000Z,1.42364,31
2018-04-15T22:29:00.000000000Z,1.42365,5
2018-04-15T22:30:00.000000000Z,1.42369,13
2018-04-15T22:31:00.000000000Z,1.42370,4
2018-04-15T22:32:00.000000000Z,1.42360,35
2018-04-15T22:33:00.000000000Z,1.42369,11
2018-04-15T22:34:00.000000000Z,1.42370,42
2018-04-15T22:35:00.000000000Z,1.42372,19
2018-04-15T22:36:00.000000000Z,1.42372,14
2018-04-15T22:37:00.000000000Z,1.42373,4
2018-04-15T22:38:00.000000000Z,1.42368,30
2018-04-15T22:39:00.000000000Z,1.42368,10
2018-04-15T22:40:00.000000000Z,1.42363,12
2018-04-15T22:41:00.000000000Z,1.42362,35
2018-04-15T22:42:00.000000000Z,1.42362,12
2018-04-15T22:43:00.000000000Z,1.42362,52
2018-04-15T22:44:00.000000000Z,1.42361,10
2018-04-15T22:45:00.000000000Z,1.42363,102
2018-04-15T22:46:00.000000000Z,1.42369,4
2018-04-15T22:48:00.000000000Z,1.42356,19
2018-04-15T22:49:00.000000000Z,1.42360,8
2018-04-15T22:50:00.000000000Z,1.42366,47
2018-04-15T22:51:00.000000000Z,1.42366,44
2018-04-15T22:52:00.000000000Z,1.42365,9
2018-04-15T22:53:00.000000000Z,1.42367,6
2018-04-15T22:54:00.000000000Z,1.42365,10
2018-04-15T22:55:00.000000000Z,1.42368,17
2018-04-15T22:56:00.000000000Z,1.42371,15
2018-04-15T22:57:00.000000000Z,1.42370,5
2018-04-15T22:58:00.000000000Z,1.42371,13
2018-04-15T22:59:00.000000000Z,1.42378,23
2018-04-15T23:00:00.000000000Z,1.42385,50
2018-04-15T23:01:00.000000000Z,1.42374,13
2018-04-15T23:02:00.000000000Z,1.42391,26
2018-04-15T23:03:00.000000000Z,1.42386,24
2018-04-15T23:04:00.000000000Z,1.42386,5
2018-04-15T23:05:00.000000000Z,1.42376,39
2018-04-15T23:06:00.000000000Z,1.42376,14
2018-04-15T23:07:00.000000000Z,1.42376,22
2018-04-15T23:08:00.000000000Z,1.42401,28
2018-04-15T23:09:00.000000000Z,1.42384,15
2018-04-15T23:10:00.000000000Z,1.42384,3
2018-04-15T23:11:00.000000000Z,1.42384,3
2018-04-15T23:12:00.000000000Z,1.42385,4
2018-04-15T23:13:00.000000000Z,1.42384,6
2018-04-15T23:14:00.000000000Z,1.42385,7
2018-04-15T23:15:00.000000000Z,1.42406,14
2018-04-15T23:16:00.000000000Z,1.42404,6
2018-04-15T23:17:00.000000000Z,1.42403,7
2018-04-15T23:18:00.000000000Z,1.42404,10
2018-04-15T23:19:00.000000000Z,1.42413,4
2018-04-15T23:20:00.000000000Z,1.42414,2
2018-04-15T23:21:00.000000000Z,1.42414,3
2018-04-15T23:22:00.000000000Z,1.42421,13
2018-04-15T23:23:00.000000000Z,1.42423,7
2018-04-15T23:24:00.000000000Z,1.42416,10
2018-04-15T23:25:00.000000000Z,1.42422,19
2018-04-15T23:26:00.000000000Z,1.42422,15
2018-04-15T23:27:00.000000000Z,1.42423,14
2018-04-15T23:28:00.000000000Z,1.42424,234
2018-04-15T23:29:00.000000000Z,1.42415,137
2018-04-15T23:30:00.000000000Z,1.42407,14
2018-04-15T23:34:00.000000000Z,1.42412,8
2018-04-15T23:35:00.000000000Z,1.42412,20
2018-04-15T23:36:00.000000000Z,1.42433,60
2018-04-15T23:37:00.000000000Z,1.42440,6
2018-04-15T23:38:00.000000000Z,1.42441,9
2018-04-15T23:39:00.000000000Z,1.42440,13
2018-04-15T23:40:00.000000000Z,1.42431,15
2018-04-15T23:41:00.000000000Z,1.42432,1
2018-04-15T23:42:00.000000000Z,1.42430,1
2018-04-15T23:43:00.000000000Z,1.42444,34
2018-04-15T23:44:00.000000000Z,1.42442,7
2018-04-15T23:45:00.000000000Z,1.42440,15
2018-04-15T23:46:00.000000000Z,1.42442,10
2018-04-15T23:47:00.000000000Z,1.42442,4
2018-04-15T23:48:00.000000000Z,1.42443,1
2018-04-15T23:49:00.000000000Z,1.42442,12
2018-04-15T23:51:00.000000000Z,1.42446,10
2018-04-15T23:52:00.000000000Z,1.42444,8
2018-04-15T23:53:00.000000000Z,1.42445,1
2018-04-15T23:55:00.000000000Z,1.42454,2
2018-04-15T23:56:00.000000000Z,1.42456,10
2018-04-15T23:57:00.000000000Z,1.42457,6
2018-04-15T23:58:00.000000000Z,1.42465,1
2018-04-15T23:59:00.000000000Z,1.42465,1
2018-04-16T00:00:00.000000000Z,1.42468,19
2018-04-16T00:01:00.000000000Z,1.42464,7
2018-04-16T00:02:00.000000000Z,1.42464,13
2018-04-16T00:03:00.000000000Z,1.42462,10
2018-04-16T00:04:00.000000000Z,1.42470,7
2018-04-16T00:05:00.000000000Z,1.42464,26
2018-04-16T00:06:00.000000000Z,1.42464,26
2018-04-16T00:07:00.000000000Z,1.42456,5
2018-04-16T00:08:00.000000000Z,1.42455,19
2018-04-16T00:09:00.000000000Z,1.42464,25
2018-04-16T00:10:00.000000000Z,1.42473,23
2018-04-16T00:11:00.000000000Z,1.42482,9
2018-04-16T00:12:00.000000000Z,1.42481,30
2018-04-16T00:13:00.000000000Z,1.42488,1
2018-04-16T00:14:00.000000000Z,1.42483,28
2018-04-16T00:15:00.000000000Z,1.42494,16
2018-04-16T00:16:00.000000000Z,1.42483,15
2018-04-16T00:17:00.000000000Z,1.42482,6
2018-04-16T00:18:00.000000000Z,1.42472,32
2018-04-16T00:19:00.000000000Z,1.42472,3
2018-04-16T00:20:00.000000000Z,1.42472,7
2018-04-16T00:21:00.000000000Z,1.42470,2
2018-04-16T00:22:00.000000000Z,1.42471,4
2018-04-16T00:23:00.000000000Z,1.42472,10
2018-04-16T00:24:00.000000000Z,1.42472,9
2018-04-16T00:25:00.000000000Z,1.42474,20
2018-04-16T00:26:00.000000000Z,1.42480,27
2018-04-16T00:27:00.000000000Z,1.42480,15
2018-04-16T00:28:00.000000000Z,1.42482,3
2018-04-16T00:29:00.000000000Z,1.42484,41
2018-04-16T00:32:00.000000000Z,1.42484,11
2018-04-16T00:33:00.000000000Z,1.42483,7
2018-04-16T00:34:00.000000000Z,1.42482,12
2018-04-16T00:35:00.000000000Z,1.42482,5
2018-04-16T00:36:00.000000000Z,1.42483,4
2018-04-16T00:37:00.000000000Z,1.42486,11
2018-04-16T00:39:00.000000000Z,1.42493,11
2018-04-16T00:40:00.000000000Z,1.42502,3
2018-04-16T00:41:00.000000000Z,1.42500,6
2018-04-16T00:42:00.000000000Z,1.42508,1
2018-04-16T00:44:00.000000000Z,1.42522,4
2018-04-16T00:45:00.000000000Z,1.42524,57
2018-04-16T00:46:00.000000000Z,1.42523,26
2018-04-16T00:47:00.000000000Z,1.42530,12
2018-04-16T00:48:00.000000000Z,1.42540,18
2018-04-16T00:49:00.000000000Z,1.42531,31
2018-04-16T00:50:00.000000000Z,1.42530,6
2018-04-16T00:51:00.000000000Z,1.42540,39
2018-04-16T00:52:00.000000000Z,1.42546,11
2018-04-16T00:53:00.000000000Z,1.42542,42
2018-04-16T00:54:00.000000000Z,1.42556,145
2018-04-16T00:55:00.000000000Z,1.42602,110
2018-04-16T00:56:00.000000000Z,1.42624,67
2018-04-16T00:57:00.000000000Z,1.42606,9
2018-04-16T00:59:00.000000000Z,1.42614,8
2018-04-16T01:00:00.000000000Z,1.42610,16
2018-04-16T01:01:00.000000000Z,1.42612,3
2018-04-16T01:02:00.000000000Z,1.42604,9
2018-04-16T01:03:00.000000000Z,1.42610,46
2018-04-16T01:04:00.000000000Z,1.42620,21
2018-04-16T01:05:00.000000000Z,1.42621,16
2018-04-16T01:06:00.000000000Z,1.42618,18
2018-04-16T01:07:00.000000000Z,1.42618,18
2018-04-16T01:08:00.000000000Z,1.42619,9
2018-04-16T01:09:00.000000000Z,1.42610,20
2018-04-16T01:10:00.000000000Z,1.42610,22
2018-04-16T01:11:00.000000000Z,1.42613,8
2018-04-16T01:12:00.000000000Z,1.42612,8
2018-04-16T01:14:00.000000000Z,1.42613,10
2018-04-16T01:15:00.000000000Z,1.42614,11
2018-04-16T01:16:00.000000000Z,1.42608,27
2018-04-16T01:17:00.000000000Z,1.42592,56
2018-04-16T01:18:00.000000000Z,1.42596,9
2018-04-16T01:19:00.000000000Z,1.42596,42
2018-04-16T01:20:00.000000000Z,1.42594,12
2018-04-16T01:21:00.000000000Z,1.42592,14
2018-04-16T01:22:00.000000000Z,1.42598,1
2018-04-16T01:23:00.000000000Z,1.42596,11
2018-04-16T01:24:00.000000000Z,1.42594,33
2018-04-16T01:25:00.000000000Z,1.42601,34
2018-04-16T01:26:00.000000000Z,1.42588,20
2018-04-16T01:27:00.000000000Z,1.42588,2
2018-04-16T01:28:00.000000000Z,1.42584,6
2018-04-16T01:29:00.000000000Z,1.42606,17
2018-04-16T01:30:00.000000000Z,1.42600,33
2018-04-16T01:31:00.000000000Z,1.42606,33
2018-04-16T01:32:00.000000000Z,1.42598,31
2018-04-16T01:33:00.000000000Z,1.42596,12
2018-04-16T01:34:00.000000000Z,1.42590,28
2018-04-16T01:35:00.000000000Z,1.42596,18
2018-04-16T01:36:00.000000000Z,1.42586,15
2018-04-16T01:37:00.000000000Z,1.42574,27
2018-04-16T01:39:00.000000000Z,1.42576,16
2018-04-16T01:40:00.000000000Z,1.42553,24
2018-04-16T01:41:00.000000000Z,1.42559,24
2018-04-16T01:42:00.000000000Z,1.42560,21
2018-04-16T01:43:00.000000000Z,1.42560,3
2018-04-16T01:45:00.000000000Z,1.42546,29
2018-04-16T01:46:00.000000000Z,1.42550,30
2018-04-16T01:47:00.000000000Z,1.42560,33
2018-04-16T01:48:00.000000000Z,1.42564,6
2018-04-16T01:49:00.000000000Z,1.42552,33
2018-04-16T01:50:00.000000000Z,1.42551,16
2018-04-16T01:51:00.000000000Z,1.42553,21
2018-04-16T01:52:00.000000000Z,1.42550,37
2018-04-16T01:53:00.000000000Z,1.42549,18
2018-04-16T01:54:00.000000000Z,1.42553,9
2018-04-16T01:55:00.000000000Z,1.42555,11
2018-04-16T01:56:00.000000000Z,1.42554,18
2018-04-16T01:57:00.000000000Z,1.42550,30
2018-04-16T01:58:00.000000000Z,1.42549,17
2018-04-16T01:59:00.000000000Z,1.42542,3
2018-04-16T02:01:00.000000000Z,1.42534,2
2018-04-16T02:02:00.000000000Z,1.42536,3
2018-04-16T02:03:00.000000000Z,1.42534,3
2018-04-16T02:04:00.000000000Z,1.42516,25
2018-04-16T02:05:00.000000000Z,1.42515,6
2018-04-16T02:06:00.000000000Z,1.42509,17
2018-04-16T02:07:00.000000000Z,1.42508,12
2018-04-16T02:08:00.000000000Z,1.42508,5
2018-04-16T02:09:00.000000000Z,1.42509,24
2018-04-16T02:10:00.000000000Z,1.42512,16
2018-04-16T02:11:00.000000000Z,1.42520,17
2018-04-16T02:12:00.000000000Z,1.42526,27
2018-04-16T02:13:00.000000000Z,1.42531,15
2018-04-16T02:14:00.000000000Z,1.42540,16
2018-04-16T02:16:00.000000000Z,1.42530,12
2018-04-16T02:17:00.000000000Z,1.42526,28
2018-04-16T02:18:00.000000000Z,1.42534,15
2018-04-16T02:19:00.000000000Z,1.42553,24
2018-04-16T02:20:00.000000000Z,1.42572,28
2018-04-16T02:21:00.000000000Z,1.42582,39
2018-04-16T02:22:00.000000000Z,1.42570,18
2018-04-16T02:23:00.000000000Z,1.42570,8
2018-04-16T02:24:00.000000000Z,1.42581,21
2018-04-16T02:25:00.000000000Z,1.42582,5
2018-04-16T02:26:00.000000000Z,1.42588,25
2018-04-16T02:27:00.000000000Z,1.42602,27
2018-04-16T02:28:00.000000000Z,1.42609,16
2018-04-16T02:29:00.000000000Z,1.42602,25
2018-04-16T02:30:00.000000000Z,1.42602,16
2018-04-16T02:31:00.000000000Z,1.42602,7
2018-04-16T02:32:00.000000000Z,1.42602,5
2018-04-16T02:35:00.000000000Z,1.42602,1
2018-04-16T02:36:00.000000000Z,1.42602,24
2018-04-16T02:37:00.000000000Z,1.42602,33
2018-04-16T02:38:00.000000000Z,1.42592,14
2018-04-16T02:39:00.000000000Z,1.42593,2
2018-04-16T02:40:00.000000000Z,1.42589,7
2018-04-16T02:41:00.000000000Z,1.42592,6
2018-04-16T02:42:00.000000000Z,1.42592,10
2018-04-16T02:43:00.000000000Z,1.42591,12
2018-04-16T02:44:00.000000000Z,1.42590,6
2018-04-16T02:45:00.000000000Z,1.42579,16
2018-04-16T02:46:00.000000000Z,1.42578,4
2018-04-16T02:47:00.000000000Z,1.42581,7
2018-04-16T02:48:00.000000000Z,1.42580,8
2018-04-16T02:49:00.000000000Z,1.42580,3
2018-04-16T02:51:00.000000000Z,1.42580,13
2018-04-16T02:52:00.000000000Z,1.42581,7
2018-04-16T02:53:00.000000000Z,1.42598,39
2018-04-16T02:54:00.000000000Z,1.42600,16
2018-04-16T02:55:00.000000000Z,1.42601,4
2018-04-16T02:56:00.000000000Z,1.42602,13
2018-04-16T02:57:00.000000000Z,1.42614,13
2018-04-16T02:58:00.000000000Z,1.42620,24
2018-04-16T02:59:00.000000000Z,1.42612,24
2018-04-16T03:00:00.000000000Z,1.42612,24
2018-04-16T03:01:00.000000000Z,1.42606,2
2018-04-16T03:02:00.000000000Z,1.42600,2
2018-04-16T03:03:00.000000000Z,1.42630,36
2018-04-16T03:04:00.000000000Z,1.42622,2
2018-04-16T03:05:00.000000000Z,1.42616,4
2018-04-16T03:06:00.000000000Z,1.42608,12
2018-04-16T03:07:00.000000000Z,1.42622,30
2018-04-16T03:08:00.000000000Z,1.42622,7
2018-04-16T03:09:00.000000000Z,1.42622,1
2018-04-16T03:10:00.000000000Z,1.42612,84
2018-04-16T03:11:00.000000000Z,1.42622,45
2018-04-16T03:12:00.000000000Z,1.42622,2
2018-04-16T03:13:00.000000000Z,1.42622,7
2018-04-16T03:14:00.000000000Z,1.42633,43
2018-04-16T03:15:00.000000000Z,1.42633,14
2018-04-16T03:16:00.000000000Z,1.42616,8
2018-04-16T03:18:00.000000000Z,1.42616,1
2018-04-16T03:19:00.000000000Z,1.42624,11
2018-04-16T03:20:00.000000000Z,1.42631,24
2018-04-16T03:21:00.000000000Z,1.42625,15
2018-04-16T03:22:00.000000000Z,1.42644,52
2018-04-16T03:23:00.000000000Z,1.42634,13
2018-04-16T03:24:00.000000000Z,1.42644,39
2018-04-16T03:25:00.000000000Z,1.42669,22
2018-04-16T03:26:00.000000000Z,1.42662,19
2018-04-16T03:27:00.000000000Z,1.42661,16
2018-04-16T03:28:00.000000000Z,1.42660,14
2018-04-16T03:29:00.000000000Z,1.42659,11
2018-04-16T03:30:00.000000000Z,1.42648,9
2018-04-16T03:31:00.000000000Z,1.42648,5
2018-04-16T03:32:00.000000000Z,1.42649,8
2018-04-16T03:33:00.000000000Z,1.42641,32
2018-04-16T03:34:00.000000000Z,1.42640,6
2018-04-16T03:35:00.000000000Z,1.42642,9
2018-04-16T03:36:00.000000000Z,1.42642,2
2018-04-16T03:37:00.000000000Z,1.42644,8
2018-04-16T03:38:00.000000000Z,1.42642,9
2018-04-16T03:39:00.000000000Z,1.42642,3
2018-04-16T03:40:00.000000000Z,1.42642,34
2018-04-16T03:41:00.000000000Z,1.42642,31
2018-04-16T03:42:00.000000000Z,1.42646,29
2018-04-16T03:44:00.000000000Z,1.42641,18
2018-04-16T03:45:00.000000000Z,1.42640,14
2018-04-16T03:46:00.000000000Z,1.42639,19
2018-04-16T03:47:00.000000000Z,1.42638,5
2018-04-16T03:48:00.000000000Z,1.42638,6
2018-04-16T03:49:00.000000000Z,1.42638,8
2018-04-16T03:50:00.000000000Z,1.42638,3
2018-04-16T03:51:00.000000000Z,1.42638,2
2018-04-16T03:55:00.000000000Z,1.42639,8
2018-04-16T03:56:00.000000000Z,1.42638,1
2018-04-16T03:57:00.000000000Z,1.42638,11
2018-04-16T03:58:00.000000000Z,1.42633,24
2018-04-16T03:59:00.000000000Z,1.42636,31
2018-04-16T04:00:00.000000000Z,1.42628,15
2018-04-16T04:01:00.000000000Z,1.42628,5
2018-04-16T04:02:00.000000000Z,1.42626,2
2018-04-16T04:03:00.000000000Z,1.42614,12
2018-04-16T04:05:00.000000000Z,1.42614,8
2018-04-16T04:07:00.000000000Z,1.42603,23
2018-04-16T04:08:00.000000000Z,1.42598,10
2018-04-16T04:09:00.000000000Z,1.42587,15
2018-04-16T04:10:00.000000000Z,1.42593,21
2018-04-16T04:13:00.000000000Z,1.42591,16
2018-04-16T04:14:00.000000000Z,1.42586,24
2018-04-16T04:15:00.000000000Z,1.42586,4
2018-04-16T04:16:00.000000000Z,1.42586,23
2018-04-16T04:17:00.000000000Z,1.42586,5
2018-04-16T04:18:00.000000000Z,1.42588,11
2018-04-16T04:19:00.000000000Z,1.42587,3
2018-04-16T04:20:00.000000000Z,1.42588,3
2018-04-16T04:21:00.000000000Z,1.42587,11
2018-04-16T04:22:00.000000000Z,1.42586,8
2018-04-16T04:23:00.000000000Z,1.42593,8
2018-04-16T04:24:00.000000000Z,1.42588,9
2018-04-16T04:25:00.000000000Z,1.42590,13
2018-04-16T04:26:00.000000000Z,1.42596,4
2018-04-16T04:27:00.000000000Z,1.42594,4
2018-04-16T04:28:00.000000000Z,1.42595,3
2018-04-16T04:29:00.000000000Z,1.42596,7
2018-04-16T04:30:00.000000000Z,1.42588,40
2018-04-16T04:31:00.000000000Z,1.42584,12
2018-04-16T04:32:00.000000000Z,1.42588,33
2018-04-16T04:33:00.000000000Z,1.42594,12
2018-04-16T04:34:00.000000000Z,1.42589,11
2018-04-16T04:35:00.000000000Z,1.42587,12
2018-04-16T04:36:00.000000000Z,1.42586,58
2018-04-16T04:40:00.000000000Z,1.42581,6
2018-04-16T04:41:00.000000000Z,1.42576,17
2018-04-16T04:42:00.000000000Z,1.42571,34
2018-04-16T04:44:00.000000000Z,1.42578,4
2018-04-16T04:45:00.000000000Z,1.42578,4
2018-04-16T04:46:00.000000000Z,1.42576,1
2018-04-16T04:47:00.000000000Z,1.42577,1
2018-04-16T04:48:00.000000000Z,1.42574,7
2018-04-16T04:49:00.000000000Z,1.42568,5
2018-04-16T04:50:00.000000000Z,1.42576,2
2018-04-16T04:51:00.000000000Z,1.42574,4
2018-04-16T04:53:00.000000000Z,1.42574,2
2018-04-16T04:54:00.000000000Z,1.42574,8
2018-04-16T04:55:00.000000000Z,1.42574,9
2018-04-16T04:56:00.000000000Z,1.42574,3
2018-04-16T04:57:00.000000000Z,1.42574,3
2018-04-16T04:58:00.000000000Z,1.42568,12
2018-04-16T04:59:00.000000000Z,1.42567,6
2018-04-16T05:00:00.000000000Z,1.42576,26
2018-04-16T05:01:00.000000000Z,1.42566,15
2018-04-16T05:02:00.000000000Z,1.42566,26
2018-04-16T05:03:00.000000000Z,1.42561,12
2018-04-16T05:04:00.000000000Z,1.42562,17
2018-04-16T05:05:00.000000000Z,1.42538,20
2018-04-16T05:06:00.000000000Z,1.42528,24
2018-04-16T05:07:00.000000000Z,1.42536,51
2018-04-16T05:08:00.000000000Z,1.42534,25
2018-04-16T05:09:00.000000000Z,1.42532,11
2018-04-16T05:10:00.000000000Z,1.42534,6
2018-04-16T05:11:00.000000000Z,1.42544,20
2018-04-16T05:12:00.000000000Z,1.42539,8
2018-04-16T05:15:00.000000000Z,1.42532,1
2018-04-16T05:16:00.000000000Z,1.42525,4
2018-04-16T05:17:00.000000000Z,1.42526,11
2018-04-16T05:18:00.000000000Z,1.42528,1
2018-04-16T05:20:00.000000000Z,1.42538,21
2018-04-16T05:21:00.000000000Z,1.42540,11
2018-04-16T05:22:00.000000000Z,1.42532,1
2018-04-16T05:23:00.000000000Z,1.42525,10
2018-04-16T05:24:00.000000000Z,1.42538,12
2018-04-16T05:25:00.000000000Z,1.42544,6
2018-04-16T05:27:00.000000000Z,1.42536,38
2018-04-16T05:28:00.000000000Z,1.42536,4
2018-04-16T05:29:00.000000000Z,1.42538,13
2018-04-16T05:30:00.000000000Z,1.42538,21
2018-04-16T05:31:00.000000000Z,1.42528,26
2018-04-16T05:32:00.000000000Z,1.42528,36
2018-04-16T05:33:00.000000000Z,1.42525,38
2018-04-16T05:34:00.000000000Z,1.42526,29
2018-04-16T05:35:00.000000000Z,1.42518,44
2018-04-16T05:36:00.000000000Z,1.42512,19
2018-04-16T05:37:00.000000000Z,1.42521,21
2018-04-16T05:38:00.000000000Z,1.42511,12
2018-04-16T05:39:00.000000000Z,1.42515,14
2018-04-16T05:40:00.000000000Z,1.42522,2
2018-04-16T05:41:00.000000000Z,1.42516,9
2018-04-16T05:42:00.000000000Z,1.42516,9
2018-04-16T05:43:00.000000000Z,1.42506,16
2018-04-16T05:44:00.000000000Z,1.42470,10
2018-04-16T05:45:00.000000000Z,1.42465,29
2018-04-16T05:46:00.000000000Z,1.42458,15
2018-04-16T05:47:00.000000000Z,1.42479,33
2018-04-16T05:50:00.000000000Z,1.42478,1
2018-04-16T05:51:00.000000000Z,1.42488,19
2018-04-16T05:52:00.000000000Z,1.42480,4
2018-04-16T05:54:00.000000000Z,1.42456,23
2018-04-16T05:55:00.000000000Z,1.42460,28
2018-04-16T05:56:00.000000000Z,1.42464,7
2018-04-16T05:57:00.000000000Z,1.42461,6
2018-04-16T05:58:00.000000000Z,1.42459,85
2018-04-16T05:59:00.000000000Z,1.42463,44
2018-04-16T06:00:00.000000000Z,1.42470,18
2018-04-16T06:01:00.000000000Z,1.42482,35
2018-04-16T06:02:00.000000000Z,1.42496,54
2018-04-16T06:03:00.000000000Z,1.42503,37
2018-04-16T06:04:00.000000000Z,1.42520,17
2018-04-16T06:05:00.000000000Z,1.42538,30
2018-04-16T06:06:00.000000000Z,1.42569,104
2018-04-16T06:07:00.000000000Z,1.42576,52
2018-04-16T06:08:00.000000000Z,1.42575,83
2018-04-16T06:09:00.000000000Z,1.42565,32
2018-04-16T06:10:00.000000000Z,1.42563,35
2018-04-16T06:11:00.000000000Z,1.42556,38
2018-04-16T06:12:00.000000000Z,1.42569,30
2018-04-16T06:13:00.000000000Z,1.42570,27
2018-04-16T06:14:00.000000000Z,1.42565,42
2018-04-16T06:15:00.000000000Z,1.42568,75
2018-04-16T06:16:00.000000000Z,1.42574,54
2018-04-16T06:17:00.000000000Z,1.42574,51
2018-04-16T06:18:00.000000000Z,1.42574,21
2018-04-16T06:19:00.000000000Z,1.42574,13
2018-04-16T06:20:00.000000000Z,1.42565,47
2018-04-16T06:21:00.000000000Z,1.42624,56
2018-04-16T06:22:00.000000000Z,1.42652,31
2018-04-16T06:23:00.000000000Z,1.42660,61
2018-04-16T06:24:00.000000000Z,1.42676,61
2018-04-16T06:25:00.000000000Z,1.42672,30
2018-04-16T06:26:00.000000000Z,1.42688,77
2018-04-16T06:27:00.000000000Z,1.42676,51
2018-04-16T06:28:00.000000000Z,1.42686,55
2018-04-16T06:29:00.000000000Z,1.42682,28
2018-04-16T06:30:00.000000000Z,1.42658,54
2018-04-16T06:31:00.000000000Z,1.42635,31
2018-04-16T06:32:00.000000000Z,1.42631,22
2018-04-16T06:33:00.000000000Z,1.42633,41
2018-04-16T06:34:00.000000000Z,1.42640,20
2018-04-16T06:35:00.000000000Z,1.42644,22
2018-04-16T06:36:00.000000000Z,1.42643,39
2018-04-16T06:37:00.000000000Z,1.42636,20
2018-04-16T06:38:00.000000000Z,1.42634,18
2018-04-16T06:39:00.000000000Z,1.42600,57
2018-04-16T06:40:00.000000000Z,1.42586,54
2018-04-16T06:41:00.000000000Z,1.42567,28
2018-04-16T06:42:00.000000000Z,1.42558,33
2018-04-16T06:43:00.000000000Z,1.42550,8
2018-04-16T06:44:00.000000000Z,1.42543,2
2018-04-16T06:45:00.000000000Z,1.42516,46
2018-04-16T06:46:00.000000000Z,1.42510,96
2018-04-16T06:47:00.000000000Z,1.42513,50
2018-04-16T06:48:00.000000000Z,1.42506,27
2018-04-16T06:49:00.000000000Z,1.42540,34
2018-04-16T06:50:00.000000000Z,1.42510,34
2018-04-16T06:51:00.000000000Z,1.42486,36
2018-04-16T06:52:00.000000000Z,1.42488,37
2018-04-16T06:53:00.000000000Z,1.42483,35
2018-04-16T06:54:00.000000000Z,1.42454,38
2018-04-16T06:55:00.000000000Z,1.42420,48
2018-04-16T06:56:00.000000000Z,1.42389,47
2018-04-16T06:57:00.000000000Z,1.42400,82
2018-04-16T06:58:00.000000000Z,1.42401,74
2018-04-16T06:59:00.000000000Z,1.42412,40
2018-04-16T07:00:00.000000000Z,1.42416,103
2018-04-16T07:01:00.000000000Z,1.42420,78
2018-04-16T07:02:00.000000000Z,1.42430,91
2018-04-16T07:03:00.000000000Z,1.42446,53
2018-04-16T07:04:00.000000000Z,1.42459,23
2018-04-16T07:05:00.000000000Z,1.42496,47
2018-04-16T07:06:00.000000000Z,1.42484,65
2018-04-16T07:07:00.000000000Z,1.42519,76
2018-04-16T07:08:00.000000000Z,1.42520,63
2018-04-16T07:09:00.000000000Z,1.42488,49
2018-04-16T07:10:00.000000000Z,1.42486,54
2018-04-16T07:11:00.000000000Z,1.42466,49
2018-04-16T07:12:00.000000000Z,1.42466,63
2018-04-16T07:13:00.000000000Z,1.42462,44
2018-04-16T07:14:00.000000000Z,1.42442,39
2018-04-16T07:15:00.000000000Z,1.42413,45
2018-04-16T07:16:00.000000000Z,1.42374,109
2018-04-16T07:17:00.000000000Z,1.42412,71
2018-04-16T07:18:00.000000000Z,1.42445,50
2018-04-16T07:19:00.000000000Z,1.42462,17
2018-04-16T07:20:00.000000000Z,1.42484,62
2018-04-16T07:21:00.000000000Z,1.42480,23
2018-04-16T07:22:00.000000000Z,1.42492,40
2018-04-16T07:23:00.000000000Z,1.42488,55
2018-04-16T07:24:00.000000000Z,1.42488,31
2018-04-16T07:25:00.000000000Z,1.42486,65
2018-04-16T07:26:00.000000000Z,1.42492,64
2018-04-16T07:27:00.000000000Z,1.42473,33
2018-04-16T07:28:00.000000000Z,1.42455,62
2018-04-16T07:29:00.000000000Z,1.42477,19
2018-04-16T07:30:00.000000000Z,1.42469,58
2018-04-16T07:31:00.000000000Z,1.42480,39
2018-04-16T07:32:00.000000000Z,1.42504,56
2018-04-16T07:33:00.000000000Z,1.42510,64
2018-04-16T07:34:00.000000000Z,1.42528,59
2018-04-16T07:35:00.000000000Z,1.42536,42
2018-04-16T07:36:00.000000000Z,1.42536,31
2018-04-16T07:37:00.000000000Z,1.42535,33
2018-04-16T07:38:00.000000000Z,1.42509,62
2018-04-16T07:39:00.000000000Z,1.42506,45
2018-04-16T07:40:00.000000000Z,1.42471,62
2018-04-16T07:41:00.000000000Z,1.42509,30
2018-04-16T07:42:00.000000000Z,1.42505,22
2018-04-16T07:43:00.000000000Z,1.42539,11
2018-04-16T07:44:00.000000000Z,1.42508,56
2018-04-16T07:45:00.000000000Z,1.42510,34
2018-04-16T07:46:00.000000000Z,1.42523,38
2018-04-16T07:47:00.000000000Z,1.42512,16
2018-04-16T07:48:00.000000000Z,1.42493,46
2018-04-16T07:49:00.000000000Z,1.42504,71
2018-04-16T07:50:00.000000000Z,1.42488,37
2018-04-16T07:51:00.000000000Z,1.42471,15
2018-04-16T07:52:00.000000000Z,1.42488,65
2018-04-16T07:53:00.000000000Z,1.42609,238
2018-04-16T07:54:00.000000000Z,1.42586,196
2018-04-16T07:55:00.000000000Z,1.42602,64
2018-04-16T07:56:00.000000000Z,1.42596,116
2018-04-16T07:57:00.000000000Z,1.42610,86
2018-04-16T07:58:00.000000000Z,1.42616,49
2018-04-16T07:59:00.000000000Z,1.42586,41
2018-04-16T08:00:00.000000000Z,1.42617,46
2018-04-16T08:01:00.000000000Z,1.42608,36
2018-04-16T08:02:00.000000000Z,1.42656,56
2018-04-16T08:03:00.000000000Z,1.42685,98
2018-04-16T08:04:00.000000000Z,1.42712,72
2018-04-16T08:05:00.000000000Z,1.42690,50
2018-04-16T08:06:00.000000000Z,1.42659,25
2018-04-16T08:08:00.000000000Z,1.42674,53
2018-04-16T08:09:00.000000000Z,1.42636,30
2018-04-16T08:10:00.000000000Z,1.42584,26
2018-04-16T08:11:00.000000000Z,1.42575,64
2018-04-16T08:12:00.000000000Z,1.42586,47
2018-04-16T08:13:00.000000000Z,1.42572,32
2018-04-16T08:14:00.000000000Z,1.42578,60
2018-04-16T08:15:00.000000000Z,1.42604,65
2018-04-16T08:16:00.000000000Z,1.42632,41
2018-04-16T08:17:00.000000000Z,1.42634,62
2018-04-16T08:18:00.000000000Z,1.42591,88
2018-04-16T08:19:00.000000000Z,1.42655,69
2018-04-16T08:20:00.000000000Z,1.42661,66
2018-04-16T08:21:00.000000000Z,1.42634,77
2018-04-16T08:22:00.000000000Z,1.42659,34
2018-04-16T08:23:00.000000000Z,1.42693,50
2018-04-16T08:24:00.000000000Z,1.42671,43
2018-04-16T08:25:00.000000000Z,1.42650,17
2018-04-16T08:26:00.000000000Z,1.42681,55
2018-04-16T08:27:00.000000000Z,1.42757,120
2018-04-16T08:28:00.000000000Z,1.42769,54
2018-04-16T08:29:00.000000000Z,1.42726,74
2018-04-16T08:30:00.000000000Z,1.42745,55
2018-04-16T08:31:00.000000000Z,1.42756,79
2018-04-16T08:32:00.000000000Z,1.42748,42
2018-04-16T08:33:00.000000000Z,1.42760,99
2018-04-16T08:34:00.000000000Z,1.42757,66
2018-04-16T08:35:00.000000000Z,1.42806,58
2018-04-16T08:36:00.000000000Z,1.42781,68
2018-04-16T08:37:00.000000000Z,1.42752,89
2018-04-16T08:38:00.000000000Z,1.42778,86
2018-04-16T08:39:00.000000000Z,1.42790,61
2018-04-16T08:40:00.000000000Z,1.42788,67
2018-04-16T08:41:00.000000000Z,1.42797,53
2018-04-16T08:42:00.000000000Z,1.42788,58
2018-04-16T08:43:00.000000000Z,1.42774,70
2018-04-16T08:44:00.000000000Z,1.42752,56
2018-04-16T08:45:00.000000000Z,1.42764,45
2018-04-16T08:46:00.000000000Z,1.42722,84
2018-04-16T08:47:00.000000000Z,1.42748,110
2018-04-16T08:48:00.000000000Z,1.42748,26
2018-04-16T08:49:00.000000000Z,1.42750,73
2018-04-16T08:50:00.000000000Z,1.42742,20
2018-04-16T08:51:00.000000000Z,1.42730,23
2018-04-16T08:52:00.000000000Z,1.42733,30
2018-04-16T08:53:00.000000000Z,1.42729,16
2018-04-16T08:54:00.000000000Z,1.42719,18
2018-04-16T08:55:00.000000000Z,1.42710,16
2018-04-16T08:56:00.000000000Z,1.42689,33
2018-04-16T08:57:00.000000000Z,1.42696,39
2018-04-16T08:58:00.000000000Z,1.42726,49
2018-04-16T08:59:00.000000000Z,1.42714,79
2018-04-16T09:00:00.000000000Z,1.42708,67
2018-04-16T09:01:00.000000000Z,1.42690,71
2018-04-16T09:02:00.000000000Z,1.42718,51
2018-04-16T09:03:00.000000000Z,1.42723,45
2018-04-16T09:04:00.000000000Z,1.42722,38
2018-04-16T09:05:00.000000000Z,1.42742,18
2018-04-16T09:06:00.000000000Z,1.42755,25
2018-04-16T09:07:00.000000000Z,1.42758,24
2018-04-16T09:08:00.000000000Z,1.42769,56
2018-04-16T09:09:00.000000000Z,1.42802,61
2018-04-16T09:10:00.000000000Z,1.42813,27
2018-04-16T09:11:00.000000000Z,1.42826,31
2018-04-16T09:12:00.000000000Z,1.42816,38
2018-04-16T09:13:00.000000000Z,1.42824,15
2018-04-16T09:14:00.000000000Z,1.42810,36
2018-04-16T09:15:00.000000000Z,1.42798,38
2018-04-16T09:16:00.000000000Z,1.42800,38
2018-04-16T09:17:00.000000000Z,1.42798,14
2018-04-16T09:18:00.000000000Z,1.42784,54
2018-04-16T09:19:00.000000000Z,1.42772,39
2018-04-16T09:20:00.000000000Z,1.42770,40
2018-04-16T09:21:00.000000000Z,1.42780,25
2018-04-16T09:22:00.000000000Z,1.42791,29
2018-04-16T09:23:00.000000000Z,1.42796,42
2018-04-16T09:24:00.000000000Z,1.42792,34
2018-04-16T09:25:00.000000000Z,1.42798,13
2018-04-16T09:26:00.000000000Z,1.42856,40
2018-04-16T09:27:00.000000000Z,1.42801,110
2018-04-16T09:28:00.000000000Z,1.42801,73
2018-04-16T09:29:00.000000000Z,1.42814,64
